Date,SP500_Close,BTC_Close,SP500_Return,BTC_Return
2020-01-01,3195.43,7160.98,-0.0014290839549351406,-0.005419638473847119
2020-01-02,3192.12,7328.56,-0.0010357903388119496,0.023402279671514547
2020-01-03,3188.19,6971.12,-0.0012310594053946452,-0.048774058678215326
2020-01-06,3201.86,6925.7,0.004287820128812583,-0.006514853790194164
2020-01-07,3194.48,6951.62,-0.0023035042097423403,0.003742599656604232
2020-01-08,3204.35,7229.54,0.0030875728428806505,0.0399787640161773
2020-01-09,3230.56,7281.85,0.008179638081584027,0.0072353878735754995
2020-01-10,3202.9,7023.24,-0.008559859228137847,-0.03551351435359805
2020-01-13,3213.33,7338.41,0.0032561063425344235,0.04487444697324079
2020-01-14,3215.9,7320.38,0.0007998823668406067,-0.0024565823849017616
2020-01-15,3237.39,6994.12,0.0066813146448104314,-0.04456842436689793
2020-01-16,3226.23,7103.37,-0.0034473278057347177,0.015619978459115344
2020-01-17,3261.01,7079.46,0.010780852624553361,-0.003366643898053075
2020-01-20,3276.73,7154.32,0.004819198304254922,0.010574104761012462
2020-01-21,3308.47,6922.81,0.009687921704443705,-0.03235819776733737
2020-01-22,3332.02,6601.5,0.0071190082510246295,-0.04641437563033313
2020-01-23,3228.27,6403.14,-0.031139345066626224,-0.030047035773486684
2020-01-24,3193.76,6567.89,-0.010689720556151937,0.025729144763568315
2020-01-27,3220.17,6329.31,0.00827119079535474,-0.03632455988808876
2020-01-28,3253.88,6149.27,0.010468337080176004,-0.02844514407688975
2020-01-29,3251.49,6093.05,-0.0007349261560354102,-0.00914369290141304
2020-01-30,3256.93,6264.72,0.0016730382895310545,0.028174969327930805
2020-01-31,3282.86,6358.73,0.007960965489509322,0.01500715442555987
2020-02-03,3309.45,6481.28,0.008099377173675584,0.019272136311810704
2020-02-04,3285.54,6317.31,-0.0072238255826351985,-0.025298839680329845
2020-02-05,3268.0,6413.66,-0.005339619289632167,0.015251567958942681
2020-02-06,3259.17,6903.57,-0.0027013868519686103,0.07638451169336234
2020-02-07,3228.11,6636.99,-0.009531510506237923,-0.038614594720994516
2020-02-10,3258.84,6973.48,0.009521682185636357,0.05069910253422244
2020-02-11,3279.6,7185.34,0.006368312290071119,0.030381616737455305
2020-02-12,3336.71,7212.37,0.01741613972930595,0.0037622413176044657
2020-02-13,3280.74,7049.61,-0.016775507197667724,-0.022566816900412616
2020-02-14,3319.24,6750.17,0.011734749087798918,-0.04247622402998454
2020-02-17,3321.57,6812.94,0.0007023758494471362,0.009297932018721386
2020-02-18,3309.99,6971.36,-0.003487105977764047,0.023254084276430945
2020-02-19,3334.05,7524.92,0.0072693568983187955,0.07940393026714719
2020-02-20,3359.85,7400.59,0.007739613213277626,-0.01652178335762069
2020-02-21,3338.21,7187.68,-0.006441571108008367,-0.028769567269997028
2020-02-24,3377.36,7088.99,0.011727282717789847,-0.013730368362865524
2020-02-25,3375.52,7267.11,-0.0005431292844071719,0.025126119637973465
2020-02-26,3347.23,7181.27,-0.008381555887816881,-0.011812085124711713
2020-02-27,3274.28,6877.01,-0.02179543518724699,-0.04236940580405923
2020-02-28,3252.95,6960.22,-0.006512836946302197,0.012101146169370493
2020-03-02,3300.52,6996.85,0.014621919269319565,0.00526161414503773
2020-03-03,3311.86,7049.04,0.0034363713503976346,0.007459213676887945
2020-03-04,3355.96,7293.64,0.013316893361443247,0.034700069933202196
2020-03-05,3367.99,7066.51,0.003584319784890507,-0.03114115036089875
2020-03-06,3405.51,7187.64,0.011140623772135136,0.017141720474795542
2020-03-09,3456.67,7223.77,0.015023298596570643,0.005027029558583787
2020-03-10,3538.73,7204.2,0.023737211093806155,-0.002708781999017241
2020-03-11,3607.44,7285.75,0.01941672497115652,0.011319571705639297
2020-03-12,3586.17,7006.62,-0.0058952281109460325,-0.03831149229017187
2020-03-13,3580.75,7335.13,-0.001512366618466039,0.04688541548067989
2020-03-16,3616.9,7532.22,0.01009649395937674,0.026869084001307917
2020-03-17,3514.86,7639.07,-0.028210470877094374,0.014185577633806987
2020-03-18,3539.36,7525.7,0.006970228931038101,-0.014841034977563025
2020-03-19,3513.78,7511.73,-0.007228612394164754,-0.0018563656046437069
2020-03-20,3587.56,7312.71,0.020998515157784784,-0.02649390415397364
2020-03-23,3570.22,7632.32,-0.004833660416835419,0.04370541957490692
2020-03-24,3552.18,7533.39,-0.005053809593133006,-0.012961869720531222
2020-03-25,3557.41,7236.33,0.0014733161674641202,-0.0394321503623261
2020-03-26,3567.87,6962.21,0.0029393451618001543,-0.03788064166118324
2020-03-27,3606.84,6994.77,0.010922379724297734,0.004676519880035765
2020-03-30,3706.75,7132.24,0.027701177602173006,0.01965251625613843
2020-03-31,3768.61,6874.49,0.016688273885192985,-0.036138829077863
2020-04-01,3764.22,6949.67,-0.0011656721222623855,0.010936145320189352
2020-04-02,3844.2,6623.56,0.021248651020452588,-0.046924484892222444
2020-04-03,3891.05,6785.2,0.012187436157705872,0.024403276736287463
2020-04-06,3963.83,6993.17,0.01870255434885756,0.03065173598797843
2020-04-07,3967.49,6881.07,0.0009248542212473795,-0.016029831632070415
2020-04-08,3909.26,6894.97,-0.014678156614112642,0.002019222517086172
2020-04-09,3901.44,7352.01,-0.002000361227943733,0.06628624211334687
2020-04-10,3874.0,7416.65,-0.0070322979358181685,0.008792539250319215
2020-04-13,3802.22,7277.95,-0.018528017036108752,-0.018701137005794642
2020-04-14,3815.28,7488.76,0.003433774561093189,0.028965771158149727
2020-04-15,3882.72,7529.87,0.01767722024193721,0.0054889741622373926
2020-04-16,3831.83,7614.0,-0.013106938548730634,0.0111731641168026
2020-04-17,3856.75,7759.78,0.00650384518096552,0.019145373749480298
2020-04-20,3825.5,8031.93,-0.008103452390096797,0.0350726037185909
2020-04-21,3830.68,8226.05,0.0013547509308541794,0.02416818023529957
2020-04-22,3890.4,8441.42,0.015588878881133372,0.026181255585874252
2020-04-23,3904.94,9054.6,0.0037381923357812465,0.07263982723169427
2020-04-24,3917.53,8983.74,0.003224436491665801,-0.007825601684719782
2020-04-27,3923.97,9432.38,0.001643604450996359,0.049939069991664815
2020-04-28,3930.74,9605.76,0.0017245498426416027,0.018381432392707845
2020-04-29,3988.32,9500.69,0.01464877728398596,-0.010938233411018763
2020-04-30,3906.88,9533.18,-0.020418837231043745,0.003419765906838016
2020-05-01,3918.83,9360.49,0.003056817534287628,-0.018115081430811752
2020-05-04,3960.97,9589.19,0.010753036572509,0.02443281208928018
2020-05-05,3914.86,9720.24,-0.011639909059192995,0.013665865603729364
2020-05-06,3906.82,9247.91,-0.0020532595068309036,-0.04859206274868126
2020-05-07,3929.23,9259.69,0.005735402796791623,0.0012743731598514581
2020-05-08,3895.27,9397.38,-0.00864339479027841,0.014869630836278073
2020-05-11,3919.25,9246.73,0.006157119266308549,-0.01603088092508135
2020-05-12,3939.26,9577.92,0.0051042262864161286,0.03581604105757606
2020-05-13,3906.75,9677.04,-0.008251999628228424,0.01034915154827536
2020-05-14,3908.05,10404.36,0.00033306900577568507,0.07515993064724505
2020-05-15,3821.89,10569.05,-0.022047635649338242,0.015828472772287046
2020-05-18,3808.99,10529.77,-0.0033749402373745873,-0.003716930155678634
2020-05-19,3897.05,10619.9,0.02311906771659924,0.008559992070183505
2020-05-20,4003.01,10574.98,0.027191324445306815,-0.004230005769103307
2020-05-21,4021.05,10429.4,0.004506144496177315,-0.013766493410292535
2020-05-22,3988.93,10429.42,-0.007988256151414607,2.096854836019287e-06
2020-05-25,3976.6,10495.19,-0.003090858304189228,0.006306536920952326
2020-05-26,3877.34,11100.42,-0.024960334412689966,0.057666667928294495
2020-05-27,3870.74,11736.43,-0.0017039629053753461,0.05729633008152782
2020-05-28,3825.12,11809.38,-0.01178534551327774,0.00621567450509199
2020-05-29,3971.54,11639.7,0.03827930521772263,-0.014367992704138388
2020-06-01,3901.47,11367.99,-0.017643597277299184,-0.023343851797232446
2020-06-02,3924.76,11658.68,0.005969861127871268,0.025570863757122118
2020-06-03,3986.71,11633.58,0.015784400256257117,-0.0021525301965337846
2020-06-04,3911.25,11399.3,-0.01892700911400362,-0.020138044785593882
2020-06-05,3970.64,11642.46,0.015182672337621089,0.0213306623471391
2020-06-08,3878.59,11543.33,-0.02318326542450004,-0.00851395039551742
2020-06-09,3944.82,12425.8,0.017078017095865563,0.07644822225181565
2020-06-10,3972.6,12591.74,0.007040239665417331,0.013354343345451526
2020-06-11,3914.67,12188.79,-0.014582468015828748,-0.03200122686120887
2020-06-12,3918.05,12402.69,0.0008629902900739895,0.0175494080032739
2020-06-15,3946.5,12249.06,0.007262210293437178,-0.012387486853044947
2020-06-16,3893.13,11887.9,-0.013523306741082186,-0.029484299314083747
2020-06-17,3840.25,12091.07,-0.013583692731117135,0.017090074861106315
2020-06-18,3734.84,11851.86,-0.027447373272547922,-0.01978411405050162
2020-06-19,3756.12,12475.8,0.005698539985214534,0.05264496245474748
2020-06-22,3760.46,12899.75,0.001155596100611662,0.03398219343501581
2020-06-23,3743.59,12574.32,-0.004488048861373107,-0.025227624722609428
2020-06-24,3714.42,13179.11,-0.0077927164612495905,0.04809754572788123
2020-06-25,3759.84,13456.01,0.012230653726772948,0.021010073708886794
2020-06-26,3911.23,13641.45,0.04026322636274126,0.013781177001638131
2020-06-29,3941.52,13826.22,0.007744195812345617,0.013544638601902609
2020-06-30,3932.21,14875.09,-0.0023626282814899193,0.07586102837288577
2020-07-01,4004.48,14299.4,0.018379257636445365,-0.03870153453171091
2020-07-02,3986.46,14488.42,-0.0044981558674225845,0.013218589536151883
2020-07-03,4025.13,13907.91,0.009698198580504571,-0.04006673930965199
2020-07-06,3917.39,12918.76,-0.026766739044261634,-0.07112156290236707
2020-07-07,3915.22,12882.23,-0.0005533375600946288,-0.0028279125305137823
2020-07-08,3932.61,12586.83,0.004442632513374172,-0.022930420458691606
2020-07-09,3876.02,11698.01,-0.01439085211087275,-0.0706154382390749
2020-07-10,3892.49,11866.1,0.004250248304969242,0.01436966437433878
2020-07-13,3940.04,12233.39,0.012215924044268536,0.030952189990306855
2020-07-14,3932.21,12775.21,-0.0019885869712433085,0.04429058738136386
2020-07-15,3926.95,12502.02,-0.0013364029383185932,-0.021384681295185965
2020-07-16,3903.6,12245.65,-0.005946941319642817,-0.02050580434284979
2020-07-17,3803.32,12207.49,-0.025688840634004097,-0.0031163510501270404
2020-07-20,3815.87,12085.74,0.0032986271011459906,-0.009973414389987195
2020-07-21,3784.32,12207.16,-0.008266097641036977,0.010046314814646611
2020-07-22,3863.43,12320.92,0.02090244705057229,0.009319498819323787
2020-07-23,3841.05,12066.26,-0.005791603286516477,-0.020668991015743012
2020-07-24,3838.99,11572.68,-0.0005370772577419467,-0.0409054841932862
2020-07-27,3834.37,11599.7,-0.0012031282583769556,0.00233424124055943
2020-07-28,3920.4,12058.29,0.022436144253194283,0.039535007032680314
2020-07-29,3970.22,11839.1,0.012708350827798557,-0.018177579064123216
2020-07-30,4003.33,11440.27,0.008339058518834916,-0.03368799644171581
2020-07-31,4019.51,11622.09,0.004043528360290439,0.015893454790055123
2020-08-03,3983.75,12356.46,-0.008896912992746836,0.06318762533902275
2020-08-04,4012.07,11625.63,0.007108483953007956,-0.05914593668276841
2020-08-05,4039.89,11507.27,0.006934318639149703,-0.010181090182322543
2020-08-06,4041.17,11692.89,0.00031651458979562304,0.016130855847899764
2020-08-07,4061.32,10940.32,0.004986392007738505,-0.06436146732981726
2020-08-10,4006.09,11173.58,-0.013599836923363013,0.02132089753664676
2020-08-11,4069.84,11941.39,0.015914450990751488,0.06871668393780145
2020-08-12,4159.13,11237.26,0.021938018863837266,-0.05896560904099707
2020-08-13,4198.78,10577.16,0.00953378545123741,-0.058741724801409115
2020-08-14,4281.34,10745.74,0.019663208742503945,0.015937897015659584
2020-08-17,4224.0,11411.53,-0.01339402545572447,0.061958584656011124
2020-08-18,4257.91,10744.59,0.00802765044349046,-0.05844458297239088
2020-08-19,4274.18,10509.45,0.003821617409527447,-0.021884362261434913
2020-08-20,4281.17,10363.05,0.0016355457596428744,-0.013930141267327969
2020-08-21,4353.01,9948.1,0.016781926635223855,-0.04004113430597291
2020-08-24,4370.9,10561.58,0.004108862019136997,0.06166791488426975
2020-08-25,4328.84,10606.86,-0.009623523587643257,0.0042875444459641214
2020-08-26,4340.63,10385.07,0.002724019691400925,-0.0209099344906502
2020-08-27,4375.68,10455.25,0.008074723473183032,0.006757466757567585
2020-08-28,4327.44,11026.74,-0.011025210057397481,0.05466045824297379
2020-08-31,4369.84,11012.41,0.00979937995907763,-0.0012996255747319725
2020-09-01,4337.77,10709.17,-0.007340097209321559,-0.027535935043501835
2020-09-02,4403.14,10722.26,0.01507129167072663,0.001221881366610172
2020-09-03,4428.74,10687.26,0.005813258446377068,-0.0032636013552648654
2020-09-04,4462.83,10683.43,0.0076969136378082946,-0.0003592000032929675
2020-09-07,4505.07,10662.66,0.009466246469724831,-0.0019442107426695387
2020-09-08,4551.27,10943.97,0.010255047565422263,0.026383612847183335
2020-09-09,4546.27,10639.47,-0.001099317607934168,-0.02782422391701497
2020-09-10,4496.34,10348.16,-0.010981439886525668,-0.02738007898585148
2020-09-11,4444.57,10607.96,-0.011513851719417717,0.025105760476209854
2020-09-14,4443.42,11161.02,-0.0002592277501248335,0.052136376723939185
2020-09-15,4566.29,11286.26,0.02765195793246168,0.011221748773821877
2020-09-16,4482.84,11081.37,-0.018276206428120473,-0.018153699330027414
2020-09-17,4480.13,10546.56,-0.0006041810029973219,-0.04826249078884722
2020-09-18,4468.01,10643.7,-0.0027059193276366194,0.009210218407889088
2020-09-21,4444.71,10364.1,-0.0052131341543685105,-0.026268993534389374
2020-09-22,4405.58,10947.04,-0.008805081114753708,0.05624626204893796
2020-09-23,4398.46,10651.18,-0.0016157529635722819,-0.027026401278741913
2020-09-24,4380.1,10976.87,-0.004174780688341507,0.030577567888157343
2020-09-25,4345.42,11128.09,-0.007916256528510692,0.013776671256961422
2020-09-28,4384.68,11444.93,0.00903461938679641,0.02847227319914965
2020-09-29,4459.64,11315.43,0.017096336054359805,-0.011315116641330978
2020-09-30,4521.6,11084.79,0.013892794346183967,-0.020382810224213885
2020-10-01,4501.44,11510.49,-0.004458478523990705,0.038404132785188956
2020-10-02,4547.21,11560.88,0.01016850483733412,0.004377147249139858
2020-10-05,4483.57,11725.8,-0.013996965912358534,0.01426517529436998
2020-10-06,4451.0,11349.59,-0.007264472393798769,-0.03208387481835993
2020-10-07,4417.71,11420.11,-0.007477611053143174,0.006213848516633574
2020-10-08,4306.6,11463.21,-0.025152385265178132,0.00377413205794549
2020-10-09,4316.88,11261.69,0.0023869154365193145,-0.017579602456868564
2020-10-12,4371.89,11546.12,0.012743127521404272,0.025256326558330284
2020-10-13,4341.39,11272.95,-0.0069754097455818195,-0.02365931907587448
2020-10-14,4378.91,10755.16,0.00864181770554314,-0.04593231484913721
2020-10-15,4362.74,10526.8,-0.003691469157049332,-0.02123225702528141
2020-10-16,4367.71,10611.75,0.0011385298158475467,0.008069929921484944
2020-10-19,4370.95,11017.29,0.000741454979571366,0.03821630981615951
2020-10-20,4384.22,10923.48,0.0030367564155840904,-0.008515146881141057
2020-10-21,4321.83,11135.78,-0.014230258890690975,0.01943554946480026
2020-10-22,4350.52,11699.69,0.006637758550220261,0.050639204448056856
2020-10-23,4312.81,11683.09,-0.0086694580014217,-0.0014187623515420121
2020-10-26,4311.06,11656.63,-0.00040431237112725863,-0.0022645401835071225
2020-10-27,4312.89,11011.84,0.0004246825359253638,-0.05531526369877774
2020-10-28,4356.88,11295.24,0.010199826408307822,0.025735503137519194
2020-10-29,4417.29,12191.6,0.013865680810305791,0.07935747197744404
2020-10-30,4401.71,12171.24,-0.003527606323629218,-0.001670261291926246
2020-11-02,4403.55,12957.16,0.0004174027814800766,0.06457244805733804
2020-11-03,4313.39,13080.38,-0.020474636672819183,0.009509781932885182
2020-11-04,4238.55,11903.63,-0.017349976409381258,-0.08996308991066185
2020-11-05,4137.04,11273.5,-0.023949993497855246,-0.05293609275384685
2020-11-06,4191.35,11012.79,0.013128305273048415,-0.02312596585913834
2020-11-09,4181.17,10591.57,-0.002429491911377024,-0.03824813041595493
2020-11-10,4213.08,10245.13,0.007631405738696941,-0.03270878268445132
2020-11-11,4280.96,9977.0,0.01611182611206198,-0.026171653053533875
2020-11-12,4242.95,9993.63,-0.008877929255743499,0.0016663418303100204
2020-11-13,4245.48,10470.01,0.0005965346499343599,0.04766841733843381
2020-11-16,4252.89,10069.63,0.0017448874571180475,-0.03824023387455661
2020-11-17,4225.57,9865.44,-0.006424023289155785,-0.020278439935592755
2020-11-18,4263.6,10028.04,0.009000506653574894,0.016482706590674655
2020-11-19,4258.77,10317.5,-0.001132692276145645,0.02886410804180501
2020-11-20,4233.04,10257.32,-0.0060419570061392295,-0.0058318774913386495
2020-11-23,4243.49,10787.8,0.002469124851999445,0.0517169109813013
2020-11-24,4239.75,10668.48,-0.0008823981638831037,-0.011060816635340177
2020-11-25,4187.81,10870.7,-0.012250044452547494,0.018954955387358953
2020-11-26,4159.53,10975.65,-0.006751744490964486,0.009654428493459133
2020-11-27,4065.86,11272.76,-0.022519318684676545,0.027069815686385085
2020-11-30,4002.1,10932.03,-0.015683253215863245,-0.0302258717648878
2020-12-01,4054.14,10511.67,0.013002973618231673,-0.038451836617987824
2020-12-02,4051.49,10542.74,-0.000653460424478813,0.0029552662692522093
2020-12-03,4004.16,10971.72,-0.01168268175999412,0.04069018415378923
2020-12-04,4077.37,10340.93,0.018285339627893013,-0.05749265502910768
2020-12-07,4007.7,10560.86,-0.01708788356878206,0.021267535066486366
2020-12-08,3946.24,10377.52,-0.015336289624407773,-0.017360258958161644
2020-12-09,3953.56,10627.43,0.0018546250600059919,0.0240816810218131
2020-12-10,3944.15,10659.72,-0.0023790311329357217,0.003038674744519568
2020-12-11,3908.57,11085.72,-0.009020795008205764,0.03996379838292553
2020-12-14,3886.51,11195.61,-0.005643766282821402,0.00991264537605712
2020-12-15,3863.82,11220.15,-0.00583965703899881,0.0021914672269593987
2020-12-16,3857.18,11162.04,-0.001717957252799585,-0.005178474516408564
2020-12-17,3811.41,11415.51,-0.01186537029852596,0.022707900761379646
2020-12-18,3877.23,11584.06,0.017268509000859137,0.01476528967582992
2020-12-21,3912.46,11947.89,0.009088023284972586,0.031407302156998176
2020-12-22,3957.21,12123.5,0.011435829371888152,0.014697867141419865
2020-12-23,3968.47,12488.09,0.0028470873597888,0.030073429678684236
2020-12-24,3972.94,12103.61,0.0011259879072333943,-0.030787626175904467
2020-12-25,3975.27,11365.78,0.0005861802534711793,-0.06095947643809714
2020-12-28,3976.18,11529.25,0.00022919713493885766,0.014382543174084961
2020-12-29,4036.35,11656.13,0.015131769315767431,0.011005332066703408
2020-12-30,4082.52,11711.33,0.011437677854178596,0.004734963939760671
2020-12-31,4033.6,11129.06,-0.01198171615256172,-0.049718034332308515
2021-01-01,3987.87,10594.76,-0.011336812537647352,-0.04800933091281437
2021-01-04,4019.39,10559.9,0.007904493726231102,-0.0032909322432872114
2021-01-05,4048.11,10619.64,0.007143778680183795,0.0056572627425371625
2021-01-06,4100.04,11044.41,0.012828594536665608,0.039999142596981056
2021-01-07,4069.52,10924.58,-0.007444056093325823,-0.010849808664768382
2021-01-08,4044.72,10328.75,-0.006093943041295413,-0.054540206310497566
2021-01-11,4078.7,10769.44,0.00840260574481046,0.042666422402562965
2021-01-12,4079.61,10604.21,0.00022285930470963226,-0.015342517673002145
2021-01-13,4134.24,9846.58,0.013390860346674667,-0.07144629432526878
2021-01-14,4144.29,9908.59,0.002429702351224496,0.00629753827289558
2021-01-15,4117.14,10345.38,-0.006550284654305673,0.044081295966676884
2021-01-18,4166.34,10307.81,0.011948825028653921,-0.003630875548153438
2021-01-19,4163.25,10181.73,-0.000740351880622015,-0.01223156999579439
2021-01-20,4138.92,9731.83,-0.005845438903851619,-0.04418745996158154
2021-01-21,4208.7,10124.55,0.01685938144435663,0.040354442390155766
2021-01-22,4250.27,9803.88,0.009877995973673446,-0.031672461199436105
2021-01-25,4357.67,10534.43,0.0252701419756,0.07451612208075936
2021-01-26,4368.82,10239.44,0.0025566860280154292,-0.028001754984691186
2021-01-27,4324.7,10351.44,-0.01009716100253002,0.010938029066667295
2021-01-28,4278.62,10308.98,-0.010656169683330868,-0.004101905873818004
2021-01-29,4335.8,9855.63,0.013363736517441157,-0.04397637659109963
2021-02-01,4441.45,10453.33,0.02436874434714868,0.060644937392151224
2021-02-02,4376.85,9923.45,-0.014545030195649514,-0.05068934283705651
2021-02-03,4363.28,9584.63,-0.003101062242713583,-0.03414327994031593
2021-02-04,4350.78,8771.08,-0.0028646499229262675,-0.08488060894743193
2021-02-05,4340.15,9288.6,-0.002444424662423754,0.05900273517410839
2021-02-08,4283.29,9169.82,-0.013099136408851544,-0.01278819826526894
2021-02-09,4208.01,9312.17,-0.01757531041129055,0.015523449470960099
2021-02-10,4197.9,9903.84,-0.0024038302709658596,0.06353739804820668
2021-02-11,4209.58,9800.05,0.002782073321272801,-0.010479256150392668
2021-02-12,4238.64,9668.42,0.006903269949069404,-0.013431766865298438
2021-02-15,4171.79,9718.01,-0.015771698133831023,0.005129037307208187
2021-02-16,4164.28,9772.17,-0.001798425578502046,0.005572795878798131
2021-02-17,4184.29,9632.42,0.004805487990720778,-0.014300142413606103
2021-02-18,4206.72,10206.49,0.00535891646990944,0.05959755653506747
2021-02-19,4152.06,10749.12,-0.012993594356701988,0.053165290513939804
2021-02-22,4141.21,10477.17,-0.002613639011875371,-0.02530017870580093
2021-02-23,4263.07,10646.18,0.029426646853821497,0.016131302548667355
2021-02-24,4334.45,11001.93,0.016744836055094213,0.03341593296876999
2021-02-25,4248.34,10977.25,-0.0198671379004767,-0.0022428782086595846
2021-02-26,4222.83,10479.5,-0.006003837116047957,-0.04534427659838884
2021-03-01,4134.32,10445.62,-0.020960536395837285,-0.0032330755503506663
2021-03-02,4164.84,10614.23,0.007383036129588849,0.0161420030880633
2021-03-03,4150.81,10331.78,-0.0033699426619338566,-0.026610449103404755
2021-03-04,4102.9,10109.73,-0.011542334179404883,-0.021492045409225807
2021-03-05,4053.27,10007.13,-0.01209666243744879,-0.01014904349338653
2021-03-08,4053.37,9720.74,2.5354992375148583e-05,-0.02861780855034525
2021-03-09,4043.3,9477.26,-0.002484601613160165,-0.025048245676935102
2021-03-10,4044.29,9642.74,0.0002463311369753899,0.017461114693995205
2021-03-11,4054.15,9807.46,0.0024375028073851243,0.01708257738961978
2021-03-12,3975.0,9626.02,-0.01952417493129446,-0.01850009556316727
2021-03-15,3989.39,9847.79,0.0036208725207694916,0.023038011095256473
2021-03-16,3914.09,9841.5,-0.01887604035288129,-0.0006383580121701515
2021-03-17,3971.93,9842.14,0.014777047782379576,6.539343498265186e-05
2021-03-18,3968.6,9991.99,-0.0008370973377208202,0.015225202906346002
2021-03-19,3981.56,10231.91,0.0032654182074894496,0.024011117867978576
2021-03-22,3986.21,10294.92,0.001168966369018893,0.006158310673075296
2021-03-23,3949.98,10212.36,-0.009089333245692397,-0.008019883417237077
2021-03-24,4010.57,10206.47,0.015337464447223816,-0.00057644618964953
2021-03-25,4003.66,10043.49,-0.0017227713537755554,-0.015968117476691527
2021-03-26,4042.68,9803.85,0.009746230589288587,-0.023861132462645766
2021-03-29,4088.06,9548.54,0.011226026340624598,-0.026041325122446665
2021-03-30,4037.4,9578.75,-0.012393373501719462,0.003163699559193033
2021-03-31,4044.91,9685.62,0.001862153635221716,0.011156938531221445
2021-04-01,4097.7,9606.13,0.013050445450672797,-0.008207135836829426
2021-04-02,4120.71,9345.66,0.005615923114727383,-0.02711451390536115
2021-04-05,4184.21,9596.86,0.015410028356386536,0.026878850990322323
2021-04-06,4212.41,9685.8,0.006738225184238849,0.00926760778569295
2021-04-07,4173.96,9558.16,-0.009127193329668775,-0.013178400329139632
2021-04-08,4200.35,9580.46,0.006321353541900183,0.0023328983619255303
2021-04-09,4207.84,9166.49,0.0017849359496591008,-0.04320924067315026
2021-04-12,4218.25,8973.35,0.0024731277585149612,-0.021070702648663498
2021-04-13,4164.68,8894.68,-0.012700038645027284,-0.008767165992589757
2021-04-14,4073.15,9036.64,-0.02197805103135142,0.015960564905927906
2021-04-15,4116.01,9060.87,0.01052415477229494,0.002680885182711819
2021-04-16,4068.16,8749.95,-0.01162538609462285,-0.03431457392728379
2021-04-19,4062.01,8056.55,-0.0015134766416188493,-0.07924543163873261
2021-04-20,4072.02,8245.05,0.0024657213968922887,0.023396629712813817
2021-04-21,4058.0,8107.65,-0.003442738182190361,-0.016665153092632244
2021-04-22,4068.08,8213.98,0.0024836071028239352,0.013114962604071878
2021-04-23,4122.71,8263.7,0.013429821022390789,0.006052995048176852
2021-04-26,4089.83,8121.84,-0.00797709181840614,-0.017165728642983824
2021-04-27,4099.98,8549.38,0.002483348902321022,0.052640530067174174
2021-04-28,4085.46,8250.16,-0.003543279657452348,-0.03499913924671739
2021-04-29,4044.02,7660.02,-0.010141279441592401,-0.07153097649889321
2021-04-30,4061.24,7335.29,0.0042575279721724976,-0.04239316962405868
2021-05-03,4002.35,6828.33,-0.014502114331350941,-0.0691124286347261
2021-05-04,3949.85,6929.35,-0.013115860554996306,0.014795021736930161
2021-05-05,3888.88,6499.61,-0.015436249399502935,-0.062017480206873636
2021-05-06,3898.37,6437.33,0.0024391576076384113,-0.009582618664229875
2021-05-07,3919.75,6610.81,0.005486280162243352,0.026949768938147694
2021-05-10,3920.53,6334.94,0.0001980128336026328,-0.041729993004991695
2021-05-11,3915.88,6440.97,-0.0011855995347247713,0.01673606704679046
2021-05-12,3889.66,6127.14,-0.006695867484734403,-0.04872310258724625
2021-05-13,3942.29,6077.33,0.013531344730505823,-0.008129038262281153
2021-05-14,3924.12,6075.26,-0.004610760148977348,-0.0003410244121124597
2021-05-17,3973.82,6159.25,0.012665668290111015,0.013825483983710498
2021-05-18,3959.12,6293.65,-0.003698711836284621,0.02181943784019141
2021-05-19,4062.31,6642.14,0.02606429391369074,0.05537219525098662
2021-05-20,4096.33,6422.19,0.008374457048135834,-0.03311489686267668
2021-05-21,4282.0,6276.49,0.04532470491678397,-0.022686412880396526
2021-05-24,4264.18,6128.03,-0.004161634842229443,-0.023653907174527478
2021-05-25,4348.7,6259.57,0.019822702338276724,0.021465437336718872
2021-05-26,4275.53,6282.31,-0.016825499554243017,0.003633652194388255
2021-05-27,4304.88,6236.51,0.006862868014187267,-0.007290457119628835
2021-05-28,4243.14,6061.63,-0.014342277471774408,-0.0280415166360067
2021-05-31,4222.17,6060.2,-0.00494218822949282,-0.0002350847686764493
2021-06-01,4197.09,6198.23,-0.005938919396360889,0.022775890223744835
2021-06-02,4150.5,5826.95,-0.011099369976634145,-0.05990104425555161
2021-06-03,4114.92,6071.53,-0.008572721326430876,0.04197399907578704
2021-06-04,4087.86,6528.07,-0.006577875685808241,0.07519346406894412
2021-06-07,4113.19,6297.9,0.006197810812618324,-0.035258518268341664
2021-06-08,4073.25,6331.47,-0.0097114343613979,0.005329665866096634
2021-06-09,4016.91,6798.49,-0.013831727067417362,0.07376179969612676
2021-06-10,3970.35,6927.78,-0.011590689370718648,0.019018233707087412
2021-06-11,4041.11,6951.38,0.017821558683121713,0.003406674602265919
2021-06-14,3994.03,6866.01,-0.0116503335045781,-0.012281035461703031
2021-06-15,4012.58,7079.46,0.0046465967696088855,0.031088326480991347
2021-06-16,4016.52,6762.2,0.0009806032319549939,-0.04481541690871363
2021-06-17,4019.76,6619.89,0.0008078868793164674,-0.021044722108571785
2021-06-18,3915.66,6413.44,-0.0258988300491049,-0.031185566146316325
2021-06-21,3849.52,6503.74,-0.016889408097455084,0.014078856069100015
2021-06-22,3940.49,6958.75,0.023629977048492942,0.06996143427319834
2021-06-23,3914.57,6841.3,-0.006578504933385508,-0.016877180726038908
2021-06-24,3948.1,7104.99,0.00856538399188603,0.038542848403369176
2021-06-25,3929.44,7065.33,-0.004724863038716242,-0.005580798336022657
2021-06-28,4034.68,7111.97,0.02678315218983471,0.006600571794278299
2021-06-29,4012.4,7131.51,-0.005523857307493751,0.002747578295900168
2021-06-30,4041.51,6916.09,0.007256428345558278,-0.030206644924649632
2021-07-01,4030.68,6650.31,-0.0026808336680426634,-0.0384294706028724
2021-07-02,4018.43,7057.46,-0.003039162642006897,0.06122298994333253
2021-07-05,4055.4,7064.06,0.009200666144014682,0.0009354877288205799
2021-07-06,4011.21,6970.29,-0.010897344307036441,-0.013274566686726632
2021-07-07,4062.99,6878.65,0.012908799932942477,-0.013148118545448237
2021-07-08,4134.92,6616.64,0.01770504789024155,-0.038090203996579045
2021-07-09,4121.77,6992.3,-0.003180555519422477,0.05677489413647037
2021-07-12,4023.7,7211.75,-0.02379406522864416,0.03138507532161209
2021-07-13,3935.51,7140.53,-0.021916524895685175,-0.009874763392953484
2021-07-14,3928.54,7334.44,-0.0017704168609329672,0.027155237656316878
2021-07-15,3781.01,6782.36,-0.03755451775349258,-0.07527245327738168
2021-07-16,3756.46,6780.23,-0.0064921955236053736,-0.00031321904691364137
2021-07-19,3717.33,6711.49,-0.010418602253509365,-0.010138508617976636
2021-07-20,3665.53,6595.49,-0.01393407800172648,-0.017283759147270907
2021-07-21,3629.38,6630.44,-0.009861193784282183,0.005298522751395177
2021-07-22,3655.79,6963.79,0.007277038202912227,0.050276751344720504
2021-07-23,3628.09,6877.94,-0.0075770225425951625,-0.01232831420361913
2021-07-26,3631.26,6818.69,0.0008729451293084762,-0.008614363166457452
2021-07-27,3630.08,6473.79,-0.00032388656522205076,-0.050581926476609244
2021-07-28,3647.37,6295.18,0.0047610578828421405,-0.027589919657917215
2021-07-29,3606.58,5947.47,-0.011183538815959211,-0.05523352488978604
2021-07-30,3657.91,5954.14,0.014232019567936812,0.0011205629387580633
2021-08-02,3709.46,6041.13,0.014093903788560002,0.014610014240840364
2021-08-03,3634.75,5788.43,-0.020140331115550986,-0.04183004685013712
2021-08-04,3668.9,5666.49,0.009395183687287319,-0.021066142791680967
2021-08-05,3622.0,5612.05,-0.012784128586499787,-0.009606212304795343
2021-08-06,3615.39,5426.5,-0.0018236059530750996,-0.03306418920417517
2021-08-09,3602.32,5338.57,-0.0036137430673615495,-0.016203385696744704
2021-08-10,3491.45,5373.04,-0.03077987564950721,0.006456890060851645
2021-08-11,3458.5,5589.11,-0.009436499596241096,0.04021428828353212
2021-08-12,3411.8,5277.43,-0.013501490823113423,-0.05576521280635639
2021-08-13,3461.45,5034.01,0.014551487327840153,-0.04612557630931931
2021-08-16,3436.06,5123.45,-0.0073340912325499975,0.017766892537814764
2021-08-17,3423.5,4842.65,-0.0036557532006577893,-0.05480681430469726
2021-08-18,3432.25,4819.76,0.0025564228153396123,-0.004726969759187005
2021-08-19,3486.16,4942.88,0.01570626076881255,0.025546142185998332
2021-08-20,3614.2,4743.4,0.03672857157733867,-0.04035827622952902
2021-08-23,3614.35,4581.13,3.990296046250323e-05,-0.0342082238018457
2021-08-24,3665.52,4730.71,0.014157006009984128,0.03264932862521333
2021-08-25,3699.78,4629.16,0.009348453918612784,-0.02146443306175369
2021-08-26,3667.81,4310.58,-0.00864181890460275,-0.06882080774500544
2021-08-27,3744.15,4417.04,0.02081400170290632,0.024696899852872
2021-08-30,3733.56,4551.16,-0.0028303194062350642,0.030365245589970585
2021-08-31,3768.32,4714.93,0.009310986439612314,0.03598349046990911
2021-09-01,3696.03,4576.46,-0.01918244933503807,-0.029368453692252758
2021-09-02,3705.81,4637.46,0.0026453037728105463,0.013328178867524599
2021-09-03,3749.49,4506.7,0.011786818361392214,-0.028194580524083353
2021-09-06,3756.34,4838.82,0.0018265096293333188,0.07369393571750707
2021-09-07,3788.65,4995.13,0.008603063731329463,0.03230295527661112
2021-09-08,3788.92,5124.71,6.975275679641204e-05,0.02594141631375795
2021-09-09,3872.08,5185.84,0.02194787744037287,0.011927546598246061
2021-09-10,3930.11,5068.13,0.014987740857928103,-0.022697420186414408
2021-09-13,3959.12,5235.27,0.007381185199569975,0.032978679044955654
2021-09-14,3924.58,5411.7,-0.008724040551098346,0.033699348532059546
2021-09-15,3893.96,5258.1,-0.007802959152396998,-0.028382403089263153
2021-09-16,3895.07,5595.63,0.0002856917867384551,0.06419207029369463
2021-09-17,3910.69,5779.35,0.004009835436873644,0.03283370613973812
2021-09-20,3877.52,5781.21,-0.008481572655721208,0.0003216994742778036
2021-09-21,3823.94,5649.33,-0.013818676439845037,-0.02281156732560863
2021-09-22,3863.43,5666.88,0.010327688025506435,0.003105187301302147
2021-09-23,3931.87,5668.65,0.01771555610572836,0.00031337047824369496
2021-09-24,3923.71,5906.06,-0.0020752311296693272,0.04188065584291126
2021-09-27,3894.35,5600.73,-0.007483398067358151,-0.05169715590168796
2021-09-28,3956.33,5712.18,0.015915323049462513,0.01989942572229669
2021-09-29,3854.72,5673.46,-0.02568233937093862,-0.006779470025212507
2021-09-30,3837.2,5993.24,-0.0045454439901998055,0.05636522533433576
2021-10-01,3804.78,5865.89,-0.008447896958620508,-0.02124856473972763
2021-10-04,3764.36,5645.76,-0.010624809881682365,-0.037527818993583595
2021-10-05,3733.85,5368.18,-0.008105951048255688,-0.049166246819421784
2021-10-06,3688.76,5066.75,-0.012074368575265315,-0.05615051757392379
2021-10-07,3623.59,4780.13,-0.01766734462940102,-0.056570049964672395
2021-10-08,3602.02,4666.6,-0.005953907211127658,-0.023750044157384565
2021-10-11,3550.08,4719.72,-0.014417644771700938,0.011383927539956146
2021-10-12,3549.1,4655.96,-0.0002769105788351883,-0.013510385976346028
2021-10-13,3530.41,4894.02,-0.0052676793487212836,0.051130242775498054
2021-10-14,3541.62,4979.41,0.0031777692945300245,0.017447486690852627
2021-10-15,3432.78,4822.85,-0.03073247932651663,-0.031440463538003234
2021-10-18,3344.38,4715.6,-0.025752081408070494,-0.022237465876375366
2021-10-19,3360.37,4622.78,0.004779721756115082,-0.019685385706253836
2021-10-20,3382.29,4481.78,0.006523305962908327,-0.030499568775358955
2021-10-21,3406.67,4268.16,0.007209637770570604,-0.04766423461102305
2021-10-22,3397.0,4325.86,-0.0028402590156995145,0.013519208439016711
2021-10-25,3419.86,4321.25,0.006731049458609192,-0.0010672200239291879
2021-10-26,3500.49,4301.43,0.0235765712355666,-0.0045860683331088534
2021-10-27,3482.59,3907.79,-0.005111948909631902,-0.09151365500656984
2021-10-28,3557.57,3892.89,0.02152720589340049,-0.003814144523965753
2021-10-29,3508.43,4045.57,-0.013812185948603237,0.03922262422446631
2021-11-01,3561.5,4084.39,0.015126073481707972,0.00959511534850473
2021-11-02,3501.24,4119.37,-0.01691905882354475,0.008564378318549042
2021-11-03,3476.18,3954.02,-0.007156703861315812,-0.04014065106446592
2021-11-04,3520.75,3698.26,0.012820468405722221,-0.06468311118032075
2021-11-05,3545.77,3765.93,0.007105959088404697,0.01829701164858197
2021-11-08,3634.1,3841.73,0.02491212963747211,0.020129872259697576
2021-11-09,3545.42,3706.49,-0.024401177893964825,-0.03520427544551984
2021-11-10,3549.24,3753.87,0.001076003055667135,0.01278359560318465
2021-11-11,3592.08,3531.35,0.012069792916124615,-0.059276571580939866
2021-11-12,3578.93,3641.77,-0.0036593962464007293,0.031266704326026774
2021-11-15,3646.31,3890.7,0.01882763754650954,0.06835504567177142
2021-11-16,3630.33,4027.66,-0.004382630128373803,0.03520182802520491
2021-11-17,3705.99,4218.27,0.020840548108905524,0.04732378591945847
2021-11-18,3739.29,4349.18,0.008984223144384297,0.031034226185892615
2021-11-19,3704.97,4132.1,-0.00917861173921942,-0.049912991945549885
2021-11-22,3749.77,4105.66,0.012094175143680221,-0.0063966544391248605
2021-11-23,3749.63,4030.79,-3.760296862083271e-05,-0.018237815499860508
2021-11-24,3733.08,4058.34,-0.004414882102196161,0.006835168419733621
2021-11-25,3688.42,4053.5,-0.011962312490299656,-0.0011915518159168223
2021-11-26,3700.42,4050.87,0.0032526585027489296,-0.0006483631161823167
2021-11-29,3668.51,4146.16,-0.008623557691852862,0.02352146147395274
2021-11-30,3752.05,4100.58,0.022771643567919594,-0.01099302066426714
2021-12-01,3808.75,4244.9,0.015113554207535681,0.03519476815124537
2021-12-02,3688.63,4095.28,-0.031539020616608064,-0.035245949516434845
2021-12-03,3661.59,4192.81,-0.007330083655023382,0.023815219772173442
2021-12-06,3670.97,4264.93,0.002561854572449859,0.017199778235866024
2021-12-07,3700.1,4154.27,0.00793534641445515,-0.025945327690948365
2021-12-08,3668.07,3978.23,-0.008658599418012277,-0.042375040439639036
2021-12-09,3661.67,3963.25,-0.001743247192883603,-0.0037656830155346115
2021-12-10,3670.29,3874.98,0.0023544639239957386,-0.02227221987990042
2021-12-13,3711.32,4009.56,0.011178295177716723,0.03473041792380779
2021-12-14,3781.31,4132.54,0.01885822570401721,0.030670889766960488
2021-12-15,3790.86,4230.4,0.0025261348616317904,0.02367980037521344
2021-12-16,3819.74,4154.44,0.007617021471038364,-0.017955202137819665
2021-12-17,3879.98,4414.56,0.01577262410054022,0.06261356590252139
2021-12-20,3973.19,4460.09,0.024023438164918177,0.01031252165058592
2021-12-21,3989.85,4530.86,0.004191245319577246,0.015867177920750868
2021-12-22,3990.92,4626.68,0.0002694532415928924,0.021147858197902897
2021-12-23,3986.31,4598.88,-0.0011541582096869238,-0.006007984698365025
2021-12-24,4071.65,4661.62,0.02140778602783956,0.013642524730137738
2021-12-27,4076.15,4801.72,0.001104122412928256,0.03005393785731924
2021-12-28,4084.72,4854.76,0.002103995549391774,0.01104699536803637
2021-12-29,4082.83,4663.36,-0.0004627701177480601,-0.03942543717269572
2021-12-30,4082.54,4492.92,-7.166058932745541e-05,-0.036549857524941276
2021-12-31,4094.06,4326.69,0.0028218147082901593,-0.03699788129476454
2022-01-03,4140.33,4453.33,0.01130050957859912,0.02926916857266746
2022-01-04,4155.5,4447.76,0.0036651390270434187,-0.0012508148758736536
2022-01-05,4177.51,4172.79,0.005295615354419888,-0.061822040952070306
2022-01-06,4123.78,4136.78,-0.012861838760380022,-0.008628648191145089
2022-01-07,4142.1,4135.55,0.00444311320251077,-0.0002985994213758835
2022-01-10,4093.41,4139.72,-0.01175532166061139,0.0010102308288841835
2022-01-11,4072.35,3990.34,-0.005144405069626525,-0.03608642059938634
2022-01-12,4089.67,3971.8,0.004254024181006661,-0.004646087538935053
2022-01-13,4149.62,4081.82,0.014657798108357413,0.02769992283423167
2022-01-14,4187.45,4140.95,0.009116056006157624,0.014486258316684302
2022-01-17,4146.23,4002.76,-0.009842135726731866,-0.03337104330120178
2022-01-18,4074.28,4359.27,-0.017353897172293162,0.08906752899391072
2022-01-19,4022.73,4313.25,-0.012653337469832385,-0.010558865132050677
2022-01-20,4006.54,4270.65,-0.0040246699852406545,-0.009875368671683975
2022-01-21,3979.66,4002.22,-0.006708606076157112,-0.06285461404791672
2022-01-24,3933.18,3806.38,-0.011678324849918313,-0.048932838209353555
2022-01-25,3928.38,3722.22,-0.001221355091922922,-0.02211040008623383
2022-01-26,3897.16,3741.0,-0.007946163106723168,0.005046111321547133
2022-01-27,3871.08,3849.37,-0.0066934209462990646,0.02896656402223354
2022-01-28,3854.3,3874.83,-0.00433415743570733,0.006614487072005762
2022-01-31,3794.16,3940.02,-0.01560356061711216,0.01682454972267477
2022-02-01,3776.85,3989.48,-0.004562200712631288,0.01255426992326594
2022-02-02,3792.94,3975.74,0.004260062013373559,-0.0034461273779751106
2022-02-03,3803.97,3932.54,0.0029092693955391157,-0.010864777176158268
2022-02-04,3866.56,4078.59,0.01645331700409505,0.03713987885524714
2022-02-07,3890.11,3932.53,0.006089931129584972,-0.03581149062648269
2022-02-08,3839.96,3832.14,-0.012891667866969525,-0.025528208396643694
2022-02-09,3829.82,3887.76,-0.002640030522651577,0.014514138096349842
2022-02-10,3789.77,4026.48,-0.010458454183743667,0.03568077319791061
2022-02-11,3791.07,3764.27,0.0003431379124903203,-0.0651220472804916
2022-02-14,3770.58,3440.92,-0.005403805356711062,-0.08590043598219887
2022-02-15,3737.7,3371.04,-0.008720744482719076,-0.020306697992812702
2022-02-16,3711.44,3329.33,-0.007024921614838631,-0.01237316333732341
2022-02-17,3695.0,3261.86,-0.004429221778586255,-0.020267144574255325
2022-02-18,3762.73,3415.15,0.018329962944562,0.04699696284015459
2022-02-21,3712.31,3542.09,-0.013402087881478068,0.03716933137243343
2022-02-22,3641.19,3426.4,-0.019156409782566757,-0.032663413353199694
2022-02-23,3708.93,3199.68,0.018602312950823763,-0.06616632280401799
2022-02-24,3735.62,3078.64,0.0071974279551954385,-0.03782885876270223
2022-02-25,3730.29,3061.22,-0.001428001497634918,-0.0056585863876231724
2022-02-28,3807.38,3004.3,0.020666450540457508,-0.018593981116221077
2022-03-01,3805.37,3067.76,-0.0005281821989604643,0.021122157829921828
2022-03-02,3795.01,2984.45,-0.0027213298975588465,-0.02715556195788201
2022-03-03,3793.45,2995.41,-0.00041039735822424455,0.0036716506549701786
2022-03-04,3834.83,2916.48,0.010908665206908528,-0.026351707473837038
2022-03-07,3815.32,2944.35,-0.005089566161856617,0.009556127963958879
2022-03-08,3808.81,2926.91,-0.0017060092480484755,-0.005922345503024092
2022-03-09,3809.17,2862.43,9.596276011024937e-05,-0.02203097338319491
2022-03-10,3773.76,2896.62,-0.009296284819592377,0.011945585260012227
2022-03-11,3725.3,2996.45,-0.012841201113499736,0.03446353341540778
2022-03-14,3736.13,2876.33,0.00290765895835908,-0.04008590155379314
2022-03-15,3749.94,2897.98,0.003696323948583126,0.007527549353251668
2022-03-16,3785.37,3019.84,0.00944593660540757,0.04204979716893916
2022-03-17,3769.86,2947.7,-0.004097029387975791,-0.023889438164066103
2022-03-18,3743.58,2847.9,-0.006971778526651145,-0.03385692291361624
2022-03-21,3711.17,2867.97,-0.00865729880197358,0.007047110234584101
2022-03-22,3712.96,2824.4,0.00048318975382597763,-0.015191232341363322
2022-03-23,3681.18,2850.27,-0.008559069729388956,0.009159607902561534
2022-03-24,3660.13,2749.5,-0.005719188152662294,-0.03535514417097605
2022-03-25,3654.56,2726.26,-0.0015200982912737333,-0.008454385093272098
2022-03-28,3608.73,2790.27,-0.012540495517160223,0.023480228446970394
2022-03-29,3646.45,2806.31,0.010452149158256242,0.005748402099253008
2022-03-30,3653.28,2858.77,0.00187248442690856,0.0186932189533732
2022-03-31,3653.02,2944.38,-7.106966716305391e-05,0.029946646366153292
2022-04-01,3726.71,2975.14,0.020172101816393822,0.01044869956521436
2022-04-04,3747.52,3068.39,0.005583041087723537,0.03134065971062238
2022-04-05,3733.44,2953.14,-0.003756513681584221,-0.03755824214884439
2022-04-06,3775.15,2815.01,0.01117200978415426,-0.046774280721893755
2022-04-07,3857.32,2918.9,0.021766040280264836,0.03690575270232352
2022-04-08,3867.16,2928.59,0.002552294034123906,0.003317946197921582
2022-04-11,3949.6,2861.78,0.021316295377355278,-0.022813087690061008
2022-04-12,3895.79,2794.16,-0.01362232152388351,-0.023629040449688363
2022-04-13,3884.72,2701.27,-0.002841569808842644,-0.03324349122981521
2022-04-14,3893.06,2717.36,0.0021463328828514833,0.005957739870057017
2022-04-15,3856.21,2853.21,-0.009466285775853846,0.04999426791890477
2022-04-18,3792.95,2719.54,-0.016404887278536034,-0.04685125219594227
2022-04-19,3811.2,2707.66,0.004813440380501408,-0.004368479640267752
2022-04-20,3831.45,2659.77,0.005312722259049268,-0.017684866465849484
2022-04-21,3785.09,2594.21,-0.012100077336210114,-0.024650570240686363
2022-04-22,3755.18,2633.63,-0.007903143684432045,0.01519594433164345
2022-04-25,3734.68,2696.32,-0.00545950024768582,0.02380301338571658
2022-04-26,3762.15,2797.27,0.0073569041496592755,0.03744155677706347
2022-04-27,3803.94,2882.18,0.01110862834590252,0.03035339921304211
2022-04-28,3840.23,2845.14,0.009538235628118386,-0.012852614262426034
2022-04-29,3829.31,2673.72,-0.002842609700883446,-0.06024850021184947
2022-05-02,3843.87,2620.22,0.0038010067427111747,-0.020010498481198586
2022-05-03,3863.54,2672.19,0.005118545572206493,0.019835110038425457
2022-05-04,3802.01,2570.47,-0.015925124455143946,-0.038064374058960515
2022-05-05,3787.22,2525.28,-0.0038921560290096193,-0.017583033906899293
2022-05-06,3795.94,2433.54,0.0023042422096260897,-0.036326115793253975
2022-05-09,3799.23,2301.39,0.0008661399858632872,-0.05430654259714333
2022-05-10,3702.12,2336.6,-0.025561324313941824,0.015299641972624423
2022-05-11,3645.24,2282.89,-0.015363761869392785,-0.02298551295144682
2022-05-12,3584.33,2165.8,-0.016708355242206575,-0.05129009971086894
2022-05-13,3568.25,2134.9,-0.00448627871635151,-0.014267364859651422
2022-05-16,3611.4,2177.0,0.012091045589255835,0.01971907416021828
2022-05-17,3601.16,2230.55,-0.0028334224479715456,0.02459929559809155
2022-05-18,3650.49,2273.0,0.013698650616084771,0.019028841611653004
2022-05-19,3633.79,2346.97,-0.0045757936539067975,0.03254404623370102
2022-05-20,3712.0,2417.23,0.021522259513273148,0.02993862695515133
2022-05-23,3791.98,2510.71,0.021548119084808918,0.03867093543387746
2022-05-24,3831.75,2432.07,0.010486302997542616,-0.03132350937606052
2022-05-25,3781.7,2418.82,-0.013062592151661062,-0.005444884872378993
2022-05-26,3707.07,2356.91,-0.019733492326843387,-0.025598048274745495
2022-05-27,3746.77,2316.11,0.010708048730414867,-0.017310728018873223
2022-05-30,3771.86,2220.66,0.006698292223869332,-0.04120863346967779
2022-05-31,3750.65,2292.47,-0.00562369220623334,0.03233587051187981
2022-06-01,3761.16,2318.25,0.002802149242623569,0.01124742445100341
2022-06-02,3839.23,2435.4,0.020756685979135544,0.05053155005860987
2022-06-03,3799.98,2533.74,-0.010222282838372709,0.040380540432702824
2022-06-06,3773.07,2527.9,-0.007082929471762334,-0.00230633002347948
2022-06-07,3774.89,2619.15,0.0004825570136257972,0.03609924923268843
2022-06-08,3724.87,2647.77,-0.013251199661192908,0.010926299039476419
2022-06-09,3749.41,2726.31,0.006588178554956065,0.029661730767910982
2022-06-10,3741.07,2815.92,-0.002224629567921929,0.032868893203132105
2022-06-13,3710.25,2915.81,-0.008238527831432984,0.03547365780127689
2022-06-14,3727.04,2788.77,0.004526882016122771,-0.043569644776221085
2022-06-15,3746.4,2812.32,0.005195044060098117,0.008446388534391013
2022-06-16,3731.54,2742.64,-0.003967876133431435,-0.0247783439407906
2022-06-17,3721.9,2612.54,-0.0025823154818764684,-0.047437315877915665
2022-06-20,3798.53,2536.68,0.02058863356900949,-0.029036597607286364
2022-06-21,3769.53,2627.02,-0.007635397248080452,0.035613945106323236
2022-06-22,3797.12,2697.75,0.007320370147267032,0.026925666548233213
2022-06-23,3867.37,2689.63,0.018500501414400752,-0.0030094112325094327
2022-06-24,3819.97,2754.56,-0.012257939088465694,0.024139492913453048
2022-06-27,3857.61,2736.6,0.009855339482828563,-0.00651870627667789
2022-06-28,3800.18,2835.58,-0.014886959080027577,0.03616605083200243
2022-06-29,3827.58,2717.17,0.007210168657986096,-0.04175808614167715
2022-06-30,3864.56,2600.02,0.009659445798314585,-0.04311402451578515
2022-07-01,3843.33,2501.21,-0.005491565295844841,-0.038001740767247064
2022-07-04,3815.07,2428.32,-0.007353966867467516,-0.02914562282392212
2022-07-05,3788.14,2481.8,-0.007059729754078515,0.022024386060682806
2022-07-06,3802.66,2538.15,0.0038350916046848726,0.022705426702015915
2022-07-07,3853.65,2520.95,0.013408105482515297,-0.0067772768956743
2022-07-08,3858.5,2568.43,0.0012587361990502594,0.01883397049969819
2022-07-11,3938.69,2664.74,0.020780862871186145,0.03750009670178829
2022-07-12,4005.16,2771.5,0.016878613865045012,0.040064936102161046
2022-07-13,4057.18,2624.01,0.012987185009680715,-0.053217708960121096
2022-07-14,4101.28,2654.28,0.0108703103306815,0.011535013393779228
2022-07-15,4105.18,2611.27,0.000950572492744295,-0.01620461310570842
2022-07-18,4085.46,2644.47,-0.004803288939367739,0.012713250005999701
2022-07-19,4127.87,2526.19,0.010379709162942053,-0.044724459583559605
2022-07-20,4139.91,2484.23,0.0029172458479127146,-0.016612375197921993
2022-07-21,4093.92,2508.41,-0.011109633195857272,0.00973363608826305
2022-07-22,4079.0,2452.89,-0.0036446139827420766,-0.022133549580481023
2022-07-25,4042.57,2469.68,-0.008929980436981831,0.006846638027658529
2022-07-26,4043.3,2383.3,0.00017954070898243407,-0.03497854382970909
2022-07-27,4003.71,2362.65,-0.009791971557071562,-0.008661491435536798
2022-07-28,4024.37,2287.38,0.005161773721562514,-0.03186017063228177
2022-07-29,4049.15,2232.23,0.00615727911515322,-0.024111503220770193
2022-08-01,4182.91,2190.84,0.03303293518439083,-0.018541018125939987
2022-08-02,4144.5,2199.37,-0.00918150648345154,0.0038965136007285375
2022-08-03,4100.87,2252.6,-0.010528571605949342,0.024199315435036034
2022-08-04,4190.74,2242.94,0.021916996161081354,-0.004288247313034606
2022-08-05,4200.69,2208.41,0.002373252494573285,-0.015395354284948662
2022-08-08,4201.95,2313.96,0.00029965330822172824,0.04779546595108109
2022-08-09,4248.3,2256.03,0.01103095437248036,-0.025035901433950847
2022-08-10,4328.38,2358.56,0.01885085238258847,0.04544681913021892
2022-08-11,4354.95,2314.41,0.006136419824809119,-0.018716113389981318
2022-08-12,4359.69,2256.67,0.0010884904768267685,-0.024949965418111324
2022-08-15,4385.46,2239.61,0.0059112692360633835,-0.00755755322937953
2022-08-16,4269.16,2288.51,-0.026519544345365638,0.02183427445988371
2022-08-17,4280.25,2373.23,0.0025974364521958197,0.03701790671033352
2022-08-18,4274.54,2388.57,-0.0013341567977549831,0.0064615565844950845
2022-08-19,4333.03,2432.16,0.013683913733840421,0.018253177224652445
2022-08-22,4349.3,2693.5,0.003756020762613863,0.10745179925134865
2022-08-23,4341.79,2708.84,-0.0017280022898514048,0.005691563469159387
2022-08-24,4433.43,2659.38,0.021108344414084778,-0.01825585499015151
2022-08-25,4379.38,2525.16,-0.012191967617822748,-0.05046984121204598
2022-08-26,4408.74,2584.78,0.00670394951214406,0.023607861519633767
2022-08-29,4449.29,2480.33,0.009197851758659044,-0.04040949707533063
2022-08-30,4504.33,2590.29,0.012370309913782648,0.04433285415210775
2022-08-31,4500.42,2594.21,-0.0008677358958922186,0.0015134241484750328
2022-09-01,4538.26,2635.01,0.008407149339146444,0.015729156751978654
2022-09-02,4574.58,2550.54,0.008003635980519746,-0.03205800525193018
2022-09-05,4566.37,2449.46,-0.0017954686287169142,-0.039631456209811754
2022-09-06,4602.33,2500.63,0.007875323424674967,0.020889566873032762
2022-09-07,4598.25,2526.06,-0.0008857798896965204,0.01017030741478108
2022-09-08,4513.75,2582.76,-0.018378196297571626,0.022445174239741586
2022-09-09,4489.79,2590.82,-0.005307252839062445,0.0031229586986165486
2022-09-12,4551.23,2540.91,0.013684436627742998,-0.019263857538916268
2022-09-13,4617.98,2566.2,0.01466680221817525,0.009950743348821879
2022-09-14,4620.93,2615.48,0.000638281866214542,0.019203441585573234
2022-09-15,4553.17,2654.96,-0.014664306989601392,0.015095399734399158
2022-09-16,4557.89,2748.12,0.0010381135044630102,0.03508836416195435
2022-09-19,4547.4,2715.23,-0.0023016843755437276,-0.011968002593300811
2022-09-20,4568.94,2716.48,0.004735657831880754,0.00046043333718158636
2022-09-21,4505.94,2688.13,-0.013787624094735015,-0.010435413252870712
2022-09-22,4575.84,2696.53,0.015511560238250286,0.0031259247893705585
2022-09-23,4529.41,2752.27,-0.010145519529212764,0.02067135003852002
2022-09-26,4430.03,2541.87,-0.02194132404329376,-0.07644565352053002
2022-09-27,4431.14,2559.08,0.0002501964459218735,0.006768826465069339
2022-09-28,4444.19,2488.73,0.0029447905395161137,-0.02749091723596401
2022-09-29,4437.5,2375.15,-0.0015059954416222394,-0.04563690202454303
2022-09-30,4450.52,2253.58,0.002934747728171364,-0.05118366935686833
2022-10-03,4443.88,2273.42,-0.0014909129001504542,0.008803782185606264
2022-10-04,4351.54,2219.65,-0.02077950839308636,-0.023654334228631203
2022-10-05,4394.0,2341.61,0.009757754956980877,0.05494944599093753
2022-10-06,4316.02,2354.92,-0.017747523459019452,0.0056824145349004445
2022-10-07,4253.3,2240.84,-0.01453139249658538,-0.04844253864254497
2022-10-10,4336.04,2306.87,0.01945288597277226,0.02946509265887467
2022-10-11,4295.5,2317.61,-0.00935033156794622,0.004657877316568875
2022-10-12,4329.88,2339.62,0.008003356035165894,0.009494478822645508
2022-10-13,4447.94,2410.17,0.027267344924393276,0.030154190483719215
2022-10-14,4289.52,2359.0,-0.035615779445146135,-0.02123068196192112
2022-10-17,4252.9,2337.93,-0.008538914614707809,-0.008932425503937401
2022-10-18,4254.86,2290.14,0.00046159075558951603,-0.020437571389790226
2022-10-19,4200.74,2384.04,-0.012719011271952069,0.04099868476482324
2022-10-20,4232.11,2339.63,0.007468103927382805,-0.018627784839754545
2022-10-21,4267.9,2400.1,0.008455795841208471,0.0258455600578052
2022-10-24,4334.08,2331.88,0.015507689533756232,-0.02842266436714
2022-10-25,4375.95,2295.04,0.009658579552256708,-0.015797191620108456
2022-10-26,4437.91,2293.66,0.014160534856309841,-0.0006040971163026165
2022-10-27,4318.26,2276.39,-0.026961350791681233,-0.007527949169014389
2022-10-28,4227.1,2245.07,-0.021109950264199998,-0.01375859591712647
2022-10-31,4225.42,2216.9,-0.0003982995624617651,-0.012547287444580621
2022-11-01,4151.29,2123.85,-0.017543038623582655,-0.04197121891820949
2022-11-02,4110.46,2100.86,-0.009835087191989837,-0.010827429098296981
2022-11-03,4175.25,2162.86,0.015761997358958776,0.029514343575691788
2022-11-04,4152.85,2250.76,-0.005366342801875169,0.04063683931137381
2022-11-07,4085.91,2290.3,-0.016116749845216712,0.017567810272087377
2022-11-08,4078.55,2308.31,-0.0018028164024209373,0.00786661520283522
2022-11-09,4111.02,2265.04,0.007961546334548602,-0.018744768270351386
2022-11-10,4151.78,2273.91,0.009913897606642843,0.003914024483846835
2022-11-11,4273.18,2276.2,0.029241586825042003,0.001008378340897077
2022-11-14,4339.54,2338.57,0.0155300980383762,0.02740059575265024
2022-11-15,4279.7,2433.36,-0.01378951699740861,0.04053275540384749
2022-11-16,4226.53,2246.53,-0.01242492964352406,-0.07677805381564605
2022-11-17,4271.08,2335.24,0.010539788232143448,0.03948528733646258
2022-11-18,4275.02,2317.76,0.0009243075727513564,-0.007484934262422359
2022-11-21,4357.55,2389.25,0.019304181593892394,0.03084534047122412
2022-11-22,4324.56,2442.01,-0.007570391084732864,0.022083978346493793
2022-11-23,4261.34,2386.6,-0.01461949955664243,-0.022693881758499845
2022-11-24,4208.87,2205.95,-0.012313560386411048,-0.07569064308303765
2022-11-25,4150.67,2285.33,-0.013827510569465695,0.03598530642813273
2022-11-28,4097.23,2235.54,-0.012873862546343326,-0.021789933995143625
2022-11-29,4041.38,2289.99,-0.013631684199851465,0.0243583157997468
2022-11-30,4042.65,2328.8,0.0003143693780071424,0.016949121766407615
2022-12-01,4038.74,2240.35,-0.0009682413663778559,-0.03798305531687282
2022-12-02,3992.75,2294.6,-0.011387313547124689,0.024214641655183552
2022-12-05,3991.19,2354.27,-0.0003888803462052674,0.026003010867813658
2022-12-06,3840.92,2410.69,-0.03765115044609233,0.023967787973667755
2022-12-07,3819.31,2579.49,-0.005627606272137634,0.07001955562592728
2022-12-08,3797.04,2578.55,-0.00582906099849814,-0.00036394159262560745
2022-12-09,3828.27,2513.86,0.008224531547969958,-0.02508604406990723
2022-12-12,3869.51,2472.05,0.010772855171567272,-0.016634304241658907
2022-12-13,3930.53,2551.83,0.015769237058713328,0.03227488302989603
2022-12-14,3955.09,2498.73,0.0062476397595124565,-0.02080753010639383
2022-12-15,3946.28,2523.23,-0.0022268540230648065,0.009802974669724301
2022-12-16,3851.18,2458.19,-0.024100112886525762,-0.025775424323733878
2022-12-19,3895.68,2367.77,0.011556882046697232,-0.036784570046923065
2022-12-20,3956.64,2333.73,0.015647739690698447,-0.014373983579623918
2022-12-21,3973.18,2251.08,0.004179088116485896,-0.035415501231798034
2022-12-22,3997.46,2291.74,0.006112539173141282,0.018059900508533896
2022-12-23,4053.17,2406.38,0.013936487491386982,0.05002203707734531
2022-12-26,4115.36,2437.58,0.015342284300435853,0.01296886710144183
2022-12-27,4056.04,2532.91,-0.014413969420354751,0.039105789530135125
2022-12-28,3993.78,2484.77,-0.015349616829671413,-0.019006611695280434
2022-12-29,4030.31,2530.72,0.009145303308492222,0.01849284463062145
2022-12-30,4108.56,2549.47,0.019416784603497078,0.007412377755278098
2023-01-02,4026.47,2510.55,-0.01998082767718915,-0.015268577903848654
2023-01-03,4036.09,2485.67,0.0023887258729563795,-0.009909697726062695
2023-01-04,4105.71,2482.36,0.017249442620280553,-0.0013315817042063357
2023-01-05,4036.2,2507.5,-0.016930167599326657,0.010128112311959606
2023-01-06,3981.82,2637.31,-0.013472222602787435,0.05176719920687798
2023-01-09,3995.92,2521.21,0.0035411304572040723,-0.04401962298191206
2023-01-10,4048.88,2730.64,0.013252701921948218,0.08306653017503295
2023-01-11,3952.72,2790.84,-0.023748672636450627,0.02204574868068377
2023-01-12,3976.87,2814.97,0.0061083309640742175,0.008647211886940906
2023-01-13,3994.44,2866.84,0.004419941041524232,0.01842346033433606
2023-01-16,3962.42,2993.56,-0.008016058024165735,0.04420483020408131
2023-01-17,3899.44,3171.38,-0.015894289932216546,0.0594003260009847
2023-01-18,3972.1,3071.11,0.018632246594575814,-0.03161822163961002
2023-01-19,3973.03,3216.63,0.0002351984279942737,0.047383556006408145
2023-01-20,3950.82,3195.62,-0.005591933202058095,-0.006532542304150021
2023-01-23,3932.92,3315.26,-0.004528528775673828,0.03744145777151649
2023-01-24,3905.43,3308.57,-0.006992193037490986,-0.002020012098228812
2023-01-25,3931.91,3296.38,0.006782584822418687,-0.0036831750017396357
2023-01-26,3892.21,3142.21,-0.010097178308150757,-0.04676894641207211
2023-01-27,3822.47,3003.32,-0.017919077263268683,-0.04420362198516691
2023-01-30,3744.69,2912.61,-0.020346594647845377,-0.030203464816637583
2023-01-31,3759.31,2923.93,0.003902577663102762,0.003888885659271208
2023-02-01,3723.14,2818.69,-0.009619596973983404,-0.03599447245925059
2023-02-02,3679.88,2681.07,-0.011620662755020519,-0.048821789166303
2023-02-03,3626.41,2732.24,-0.014530530932996933,0.01908494357454804
2023-02-06,3566.37,2720.01,-0.016555338082502133,-0.0044772470082695675
2023-02-07,3540.99,2931.79,-0.007116646201801961,0.07786174300496394
2023-02-08,3465.7,2930.75,-0.021263136399295272,-0.0003550898564215312
2023-02-09,3452.86,2855.05,-0.0037050071279729375,-0.025829817544059705
2023-02-10,3466.96,2875.83,0.004082555451505753,0.0072793286910048105
2023-02-13,3423.53,2905.57,-0.01252686196891486,0.01034102964754462
2023-02-14,3440.54,3037.55,0.004970022944028174,0.04542149574349856
2023-02-15,3416.39,3178.8,-0.007019654559449072,0.04650286417211944
2023-02-16,3409.34,2972.95,-0.0020618082995682483,-0.06475824732401138
2023-02-17,3431.77,2974.07,0.006577149608694324,0.000376366063739161
2023-02-20,3396.46,3056.59,-0.010288211471236345,0.027745967161585235
2023-02-21,3378.26,3155.05,-0.005359539411159011,0.03221341603551517
2023-02-22,3375.92,3234.27,-0.0006924135313620134,0.025107283149801318
2023-02-23,3404.46,3296.43,0.00845373313380823,0.019221602954437197
2023-02-24,3363.32,3384.36,-0.012084521150069425,0.02667374728998673
2023-02-27,3365.2,3609.73,0.0005611407003325416,0.06659240025429485
2023-02-28,3385.54,3708.97,0.00604403859954077,0.02749141786679225
2023-03-01,3355.48,3650.84,-0.008878715466242571,-0.015674005946274317
2023-03-02,3360.39,3515.34,0.0014606159319519598,-0.037114892491394616
2023-03-03,3314.2,3488.55,-0.013743328438970939,-0.007620785499003087
2023-03-06,3312.1,3513.5,-0.0006344543871528573,0.007152616359103579
2023-03-07,3357.49,3486.87,0.013705249608049183,-0.007579319510182732
2023-03-08,3385.93,3483.28,0.008470508508675203,-0.0010279710418854581
2023-03-09,3379.07,3512.78,-0.0020281429744507555,0.008467844443419229
2023-03-10,3296.24,3492.92,-0.024512739258354996,-0.005654466928967667
2023-03-13,3271.98,3380.05,-0.007359089694491441,-0.03231219066884712
2023-03-14,3198.87,3307.07,-0.022343897008466437,-0.021591697570293777
2023-03-15,3127.76,3378.17,-0.022229232862476866,0.021497234547951105
2023-03-16,3119.72,3191.35,-0.0025716878313965545,-0.05529949907523481
2023-03-17,3095.44,3264.05,-0.007782298496768121,0.02277768980388469
2023-03-20,3074.27,3228.58,-0.006838601601782776,-0.010864185143454844
2023-03-21,3061.57,3212.76,-0.004130198570047708,-0.004901860826519555
2023-03-22,3000.04,3187.78,-0.020097204521400236,-0.0077750737109258845
2023-03-23,2980.85,3491.75,-0.006397112354540662,0.09535372479510755
2023-03-24,2974.13,3439.45,-0.0022561005594499855,-0.014978452435458174
2023-03-27,3010.3,3439.07,0.012161724084043863,-0.00010970488856589314
2023-03-28,3020.35,3347.11,0.0033401062889730627,-0.02674053846138374
2023-03-29,3077.63,3302.95,0.018962736845355616,-0.01319273457541834
2023-03-30,3092.41,3433.6,0.0048042033914324446,0.03955661614442176
2023-03-31,3082.04,3432.13,-0.003354059089816326,-0.000429407706194408
2023-04-03,3104.66,3520.33,0.007338160406557028,0.025700328613459174
2023-04-04,3064.98,3528.17,-0.012781175819864054,0.0022261408627641715
2023-04-05,3031.12,3430.95,-0.011044428426992796,-0.027554036276225227
2023-04-06,3008.45,3561.33,-0.007480694119008708,0.03799849782709531
2023-04-07,3066.99,3892.47,0.019458928009452044,0.09298301729004314
2023-04-10,3065.83,3787.49,-0.0003786050205618875,-0.026969679535139766
2023-04-11,3031.08,3974.92,-0.011333781251882023,0.04948582644742659
2023-04-12,2976.04,3911.32,-0.018160538389861834,-0.01599899574637878
2023-04-13,2956.71,4129.78,-0.006492756550413642,0.055852699129881375
2023-04-14,2921.65,4264.9,-0.011860129187495351,0.032717752558689125
2023-04-17,2968.57,4268.75,0.016060236891562323,0.0009027206415936429
2023-04-18,2986.04,4065.39,0.0058859435371738395,-0.04763917658085339
2023-04-19,2983.78,4038.69,-0.0007584937419135187,-0.006566001586633641
2023-04-20,2892.31,4053.39,-0.030654991738222486,0.0036388014194845466
2023-04-21,2905.5,3837.86,0.004561997001794086,-0.0531733340207969
2023-04-24,2857.13,3724.09,-0.016647309951712937,-0.02964353209182825
2023-04-25,2839.85,3681.59,-0.006050181387508595,-0.011412749361014437
2023-04-26,2808.05,3548.27,-0.011197490773757425,-0.036213567272986316
2023-04-27,2819.22,3500.58,0.003978158925609611,-0.013439840642855829
2023-04-28,2816.45,3475.64,-0.000981607240528866,-0.00712450196405109
2023-05-01,2832.75,3467.7,0.005786403721271233,-0.0022834521659826318
2023-05-02,2862.89,3494.92,0.010638473629769083,0.007849799938631618
2023-05-03,2894.29,3653.85,0.010968411581644737,0.045475480308108246
2023-05-04,2844.43,3745.02,-0.01722570547633874,0.024949155703912408
2023-05-05,2906.14,3656.85,0.021693865780807307,-0.02354332011868303
2023-05-08,2905.9,3616.65,-8.244849000773799e-05,-0.010990836189103077
2023-05-09,2922.14,3688.1,0.005590007184835366,0.019754480355737982
2023-05-10,2899.55,3839.6,-0.007731547226886178,0.041077150719035005
2023-05-11,2870.61,3811.65,-0.00998016974025132,-0.007278617991480949
2023-05-12,2906.73,4075.41,0.012583107402794724,0.06919936990884695
2023-05-15,2889.72,4174.65,-0.005851862909764785,0.02434974624234197
2023-05-16,2898.22,3965.48,0.0029405004565865385,-0.050103801894070356
2023-05-17,2865.87,3796.32,-0.011162259109729386,-0.04265729384549152
2023-05-18,2849.42,3739.67,-0.005739804662449918,-0.014924448439262557
2023-05-19,2851.23,3899.96,0.0006353855250661789,0.04286256392463427
2023-05-22,2866.54,4249.44,0.00536971416567074,0.08961274734560246
2023-05-23,2859.03,4358.69,-0.002621135299877315,0.025708637704063664
2023-05-24,2874.1,4585.3,0.005272940336332118,0.051989585270461686
2023-05-25,2861.9,4708.99,-0.004244592661154669,0.02697661851453083
2023-05-26,2918.71,4633.95,0.01984887308579229,-0.015936237267032104
2023-05-29,2916.96,4713.07,-0.0005984599394239158,0.017074246112198644
2023-05-30,2902.62,4573.25,-0.004917353406572801,-0.029667635505610683
2023-05-31,2967.33,4577.92,0.022292795950374453,0.0010225150199644432
2023-06-01,3029.96,4538.86,0.021109117098855646,-0.008531763437227268
2023-06-02,3023.34,4657.42,-0.002185067010552688,0.026119821265064985
2023-06-05,3016.78,4520.11,-0.0021722297581488665,-0.029481386877612984
2023-06-06,2991.62,4550.72,-0.008338934200858262,0.006770674032865945
2023-06-07,2968.6,4555.01,-0.007693368218211059,0.0009441313433172244
2023-06-08,2889.08,4432.37,-0.026787430212824554,-0.026924931412681506
2023-06-09,2883.7,4358.3,-0.0018637410815004413,-0.016710503347355285
2023-06-12,2850.18,4217.59,-0.01162303941800077,-0.032285456780685964
2023-06-13,2853.45,4428.07,0.0011462506889564777,0.04990567724574145
2023-06-14,2806.42,4365.74,-0.01648111608639195,-0.014076524275538991
2023-06-15,2840.17,4435.26,0.012024595232228999,0.015923623422246475
2023-06-16,2837.82,4371.76,-0.000825088581009128,-0.014316552602021814
2023-06-19,2839.12,4361.26,0.0004591426234056508,-0.0024034126587689987
2023-06-20,2765.48,4222.58,-0.025937541138579653,-0.03179658008374595
2023-06-21,2701.62,4370.35,-0.02309506703513386,0.03499501478781654
2023-06-22,2729.1,4276.24,0.010171782078479586,-0.02153370822734087
2023-06-23,2756.27,4637.66,0.009958533174667607,0.08451682947747022
2023-06-26,2736.49,4827.04,-0.00717691753270455,0.04083582344387379
2023-06-27,2749.22,4801.05,0.004650061400893987,-0.005383556060045507
2023-06-28,2713.56,4695.35,-0.012970926599685038,-0.0220171164576266
2023-06-29,2701.51,4335.07,-0.004438950195455534,-0.07672980725886971
2023-06-30,2719.52,4302.71,0.006665542455036405,-0.00746601966530318
2023-07-03,2735.32,4255.54,0.005810930603643039,-0.010961658772391424
2023-07-04,2834.56,4081.54,0.03627927292151347,-0.04088898569306747
2023-07-05,2803.67,4163.4,-0.010896713456246878,0.020056584600072383
2023-07-06,2883.86,4072.73,0.028601612891401763,-0.021777712895111455
2023-07-07,2948.03,3985.05,0.022250578740040744,-0.02152884351780038
2023-07-10,2994.67,4019.95,0.01582040548733825,0.008758445417139087
2023-07-11,3075.7,4295.9,0.027059982486249377,0.0686449893768651
2023-07-12,3052.72,4701.37,-0.007472672051665784,0.09438457585090809
2023-07-13,3012.45,4634.85,-0.013189906337900584,-0.014149510594999738
2023-07-14,3078.71,4562.34,0.021994837649850774,-0.015643181940802275
2023-07-17,3055.94,4573.49,-0.007396216263137159,0.002443603558641374
2023-07-18,3073.45,4644.15,0.005729840057996419,0.015449095729165242
2023-07-19,3046.87,4663.55,-0.0086483682262627,0.004177868843186867
2023-07-20,3071.09,4909.98,0.007949104904292792,0.05284178235195504
2023-07-21,3084.11,4719.24,0.004237925858539548,-0.03884781013017529
2023-07-24,3086.08,4627.81,0.0006410099668261181,-0.019373176248307315
2023-07-25,3135.86,4403.19,0.016128370902126845,-0.04853647364851335
2023-07-26,3157.86,4263.5,0.0070167976643721215,-0.031725059380040936
2023-07-27,3207.01,4397.72,0.015564685484468968,0.03148054575504554
2023-07-28,3216.41,4478.33,0.002931973703164955,0.018330632090037838
2023-07-31,3204.38,4575.05,-0.0037425609453643335,0.021595699582995623
2023-08-01,3203.43,4687.68,-0.0002955201871445744,0.02461939737992839
2023-08-02,3206.64,4311.5,0.0010029153077740925,-0.08024851814418994
2023-08-03,3187.84,4520.39,-0.0058638922086689665,0.04844990840940991
2023-08-04,3244.36,4567.33,0.017730482587629465,0.010382841169548636
2023-08-07,3240.43,4518.61,-0.0012124029372759932,-0.010666467032702557
2023-08-08,3265.92,4620.22,0.00786673085040652,0.022487225062611565
2023-08-09,3228.53,4705.4,-0.011449102067657096,0.018435234134307893
2023-08-10,3277.26,4586.47,0.01509475933201741,-0.025273861190051344
2023-08-11,3270.9,4656.5,-0.001942096008508002,0.015268214028435725
2023-08-14,3300.25,4610.41,0.008973035609352769,-0.009897802280533819
2023-08-15,3280.3,4533.99,-0.006044131067894572,-0.016575102229729986
2023-08-16,3296.45,4608.99,0.004922791430798423,0.01654157884164203
2023-08-17,3296.67,4406.4,6.698947348586712e-05,-0.04395492724722687
2023-08-18,3254.54,4482.0,-0.012779841743029487,0.017155520427112225
2023-08-21,3207.82,4496.1,-0.01435305855730466,0.003147225323131982
2023-08-22,3194.9,4404.36,-0.0040295714604135025,-0.02040575828160909
2023-08-23,3196.88,4650.68,0.0006203815363847575,0.05592781443157474
2023-08-24,3208.92,4615.22,0.003765798984802392,-0.0076263379181165224
2023-08-25,3153.15,4668.11,-0.017380459115230826,0.0114606102018174
2023-08-28,3197.1,4787.34,0.013940440244430648,0.025542130374351144
2023-08-29,3242.79,4889.68,0.01429144928687937,0.021377269010052494
2023-08-30,3193.05,4859.89,-0.01533929770899596,-0.0060930880626462805
2023-08-31,3214.12,4989.64,0.006598415801230279,0.026698101840441253
2023-09-01,3196.07,4973.2,-0.0056169172839399765,-0.003294032688867769
2023-09-04,3211.06,5192.38,0.004690435707386899,0.04407196957007931
2023-09-05,3250.76,5328.77,0.012362865621474475,0.026266749973432264
2023-09-06,3267.19,5163.06,0.005054670752216294,-0.03109658591481738
2023-09-07,3225.0,5128.05,-0.012911517787713283,-0.006781200169587689
2023-09-08,3266.28,5221.34,0.01279900059690963,0.01819120199481576
2023-09-11,3289.25,4981.05,0.007033151223799234,-0.046019369054375224
2023-09-12,3232.55,5137.62,-0.017239845078076448,0.03143223332201699
2023-09-13,3232.17,4919.98,-0.00011566114073110893,-0.042361967056373864
2023-09-14,3267.36,4984.04,0.010886009114603372,0.013019538333133775
2023-09-15,3384.06,5254.34,0.03571757129409293,0.05423336374355109
2023-09-18,3399.15,5240.45,0.004460367895565799,-0.0026437857129477096
2023-09-19,3409.65,5232.4,0.0030875460976427646,-0.0015355377625464169
2023-09-20,3351.8,5364.37,-0.016965560577858595,0.025221415908464054
2023-09-21,3363.86,4890.65,0.00359829020992824,-0.08830767505313428
2023-09-22,3339.22,4748.89,-0.007326278701620483,-0.02898612619944402
2023-09-25,3379.52,4765.65,0.01207068219203195,0.003529734513500622
2023-09-26,3440.86,4550.83,0.01814888225479789,-0.045078434005571204
2023-09-27,3397.47,4693.37,-0.012609433397881386,0.03132211478390408
2023-09-28,3371.78,4521.56,-0.007562656215808901,-0.036606105040956245
2023-09-29,3351.48,4402.78,-0.006020056831932167,-0.02626940069053994
2023-10-02,3374.18,4577.93,0.0067719341675024644,0.03978008780956274
2023-10-03,3310.93,4507.68,-0.018743030773576155,-0.015344128788096205
2023-10-04,3312.49,4523.95,0.00047092655691253473,0.0036090442425527006
2023-10-05,3346.61,4561.42,0.010299066835934624,0.00828340907691293
2023-10-06,3324.33,4387.93,-0.0066576402838408495,-0.03803558160624278
2023-10-09,3252.53,4304.66,-0.02159651125632409,-0.01897674354716053
2023-10-10,3254.07,4438.68,0.0004729184995706923,0.031134813931399608
2023-10-11,3240.3,4773.6,-0.004233229338487621,0.07545329433472589
2023-10-12,3238.3,4700.49,-0.0006177550327191609,-0.015313838754346455
2023-10-13,3254.06,4562.45,0.004867143142579455,-0.02936807846781998
2023-10-16,3263.19,4261.59,0.0028068964960913387,-0.06594216028793759
2023-10-17,3290.64,4286.65,0.008413128910933581,0.005880137260808755
2023-10-18,3299.95,4315.86,0.002826849390541782,0.006814394061681119
2023-10-19,3250.5,4169.31,-0.014985072829121551,-0.0339577919603984
2023-10-20,3312.57,4267.91,0.019097098957065323,0.023649379120323732
2023-10-23,3289.82,4319.77,-0.006867159362659411,0.012151541890190694
2023-10-24,3306.91,4607.67,0.00519253080842795,0.06664698124093349
2023-10-25,3351.96,4695.21,0.013624210630403661,0.018998548752644336
2023-10-26,3334.9,4964.94,-0.005090222905157409,0.057448306479409315
2023-10-27,3331.83,4825.36,-0.0009185838253364311,-0.028112916943931334
2023-10-30,3284.05,4668.32,-0.014342957831043389,-0.032545374914221645
2023-10-31,3270.68,4782.32,-0.0040690229300045415,0.024419878066977204
2023-11-01,3307.5,4985.23,0.011258225085107345,0.04242902813903954
2023-11-02,3314.57,5128.59,0.0021357203398223146,0.028758415104169217
2023-11-03,3405.43,5334.7,0.027411786910042552,0.040188492126175715
2023-11-06,3471.95,5110.96,0.019534590894435395,-0.041941650748462414
2023-11-07,3442.09,4973.54,-0.00860158740775831,-0.02688739065548978
2023-11-08,3332.54,4933.88,-0.03182441091693776,-0.007973510567655853
2023-11-09,3389.23,4880.36,0.017009387913741705,-0.010848341865124234
2023-11-10,3398.19,4751.88,0.0026453067706072955,-0.02632596830456965
2023-11-13,3379.16,4790.57,-0.005600731738362409,0.008143380477493202
2023-11-14,3331.69,4955.0,-0.014049309262558044,0.03432426964640993
2023-11-15,3255.97,4971.66,-0.022725110318006052,0.0033604551328578203
2023-11-16,3237.75,5208.37,-0.005597781272437532,0.047613632563169826
2023-11-17,3268.32,4873.59,0.009442141103152857,-0.06427759160006061
2023-11-20,3174.29,4668.17,-0.028768759283786357,-0.042150377083465015
2023-11-21,3156.12,4633.38,-0.005726716531389198,-0.007451777848204013
2023-11-22,3158.21,4740.26,0.0006629449003712142,0.02306611084541145
2023-11-23,3107.39,4437.28,-0.016091888556929227,-0.0639159149932774
2023-11-24,3117.73,4393.26,0.0033295375560601186,-0.009920471981295826
2023-11-27,3114.8,4302.66,-0.0009404799878715384,-0.02062295529426588
2023-11-28,3109.26,4512.9,-0.0017785051704564646,0.04886389429812744
2023-11-29,3049.63,4304.66,-0.019179243541597932,-0.046143870265218045
2023-11-30,3074.02,4541.15,0.007999219230222631,0.05493853290709881
2023-12-01,3067.36,4353.11,-0.0021677868878887652,-0.04140903016471831
2023-12-04,2994.62,4357.42,-0.023713439342492038,0.0009919030466020162
2023-12-05,2950.62,4649.09,-0.014692250656221125,0.06693616371895475
2023-12-06,3034.42,4733.28,0.02839924243086324,0.01810870300717308
2023-12-07,3053.01,4728.68,0.006125540419165031,-0.0009725765066003738
2023-12-08,3095.75,4754.92,0.014001547934933125,0.0055492721188861865
2023-12-11,3099.03,4972.33,0.0010602810312517537,0.04572300528379878
2023-12-12,3123.25,5337.05,0.007814190237135222,0.07335122906940972
2023-12-13,3062.84,5207.71,-0.019341954670887233,-0.024235742591460465
2023-12-14,3030.54,5336.11,-0.010546872181294504,0.024656767940904777
2023-12-15,3013.5,5434.99,-0.005623084232434671,0.018529521083545046
2023-12-18,2972.13,5396.14,-0.013727855449479626,-0.007148439339495275
2023-12-19,3054.94,5742.66,0.02786394527703769,0.0642177134909473
2023-12-20,2986.99,5770.91,-0.02224238320704898,0.004917984769532765
2023-12-21,3017.51,5702.51,0.010216235050969493,-0.011851891343451748
2023-12-22,2978.5,5804.75,-0.01292856365600215,0.01792849317847522
2023-12-25,2983.0,5917.32,0.0015099051608224623,0.0193936038127673
2023-12-26,2978.23,6370.71,-0.0015966172218905607,0.07662072369961956
2023-12-27,2946.47,6248.1,-0.010666092971877749,-0.019245666170700764
2023-12-28,2965.56,6416.85,0.006478625480449062,0.027007979387259778
2023-12-29,2917.38,6658.11,-0.016244563569247066,0.0375978078397269
2024-01-01,2867.21,6624.42,-0.01719742133782858,-0.005059878888668573
2024-01-02,2857.51,6467.85,-0.0033843195668563624,-0.023635468610321897
2024-01-03,2897.22,6006.45,0.013899005155447043,-0.07133698312036858
2024-01-04,2872.68,5815.37,-0.008469393747668134,-0.03181311987326392
2024-01-05,2903.71,6137.32,0.010798768881759988,0.055361453448113565
2024-01-08,2931.6,6443.31,0.009605625282537722,0.049857517504794585
2024-01-09,2854.22,6423.17,-0.026394650612549454,-0.0031248953369857413
2024-01-10,2807.71,6312.39,-0.016296400754015485,-0.017248045503778228
2024-01-11,2816.79,6343.85,0.0032360597836663457,0.004984405524857538
2024-01-12,2864.14,5974.39,0.016809045561294464,-0.058239446428296635
2024-01-15,2836.28,5668.5,-0.00972883739720894,-0.05119998262793121
2024-01-16,2781.35,5821.25,-0.019365489564919656,0.026947203946518894
2024-01-17,2788.27,6127.77,0.0024890260565666052,0.052656071212285604
2024-01-18,2828.76,6177.2,0.014522476051959604,0.008066656695425133
2024-01-19,2796.7,6358.19,-0.011335396573111006,0.029299134213628102
2024-01-22,2774.33,6095.12,-0.007999236787133785,-0.04137492958017285
2024-01-23,2736.86,6095.23,-0.013504921315930469,1.7913772342278284e-05
2024-01-24,2779.24,6143.35,0.015486358157414903,0.007894470387722077
2024-01-25,2820.91,6198.59,0.014993142387490253,0.008991762496662815
2024-01-26,2807.33,6745.8,-0.004817385202310852,0.08828036884555263
2024-01-29,2869.51,6846.71,0.022152534358988757,0.014958626181807322
2024-01-30,2841.72,6467.44,-0.009686336742530445,-0.055394843052303015
2024-01-31,2856.26,6429.69,0.005116291571692775,-0.00583716688768245
2024-02-01,2873.12,6515.89,0.005904009742058226,0.013407110008167373
2024-02-02,2889.03,6777.41,0.005535314177307745,0.04013610784206952
2024-02-05,2900.79,6631.39,0.004070638504676021,-0.021544886083204505
2024-02-06,2874.83,6742.38,-0.008946582719821941,0.01673663285890155
2024-02-07,2838.72,6876.58,-0.012561923452458925,0.019904465812362805
2024-02-08,2863.9,6893.19,0.008870320928623962,0.0024152374996233503
2024-02-09,2837.9,6475.0,-0.009077079319629675,-0.06066704503893096
2024-02-12,2800.48,6104.8,-0.013187579547756885,-0.05717438318208185
2024-02-13,2802.22,6022.17,0.0006200531080433039,-0.013534526769813785
2024-02-14,2772.1,6176.32,-0.010747938444363031,0.025597073255152474
2024-02-15,2777.23,6194.59,0.0018519346254427238,0.002957773315330984
2024-02-16,2796.67,6424.91,0.006997401365787353,0.03717986835863272
2024-02-19,2743.71,6536.0,-0.018933887850177203,0.017291913705359235
2024-02-20,2684.98,6321.7,-0.02140724159165455,-0.0327879838219015
2024-02-21,2718.39,6497.24,0.01244574694279332,0.027767997599569043
2024-02-22,2740.89,6559.72,0.00827689075190778,0.00961619084613412
2024-02-23,2788.19,6272.88,0.017255718675192155,-0.043728162234341714
2024-02-26,2778.82,6279.94,-0.0033618637597788237,0.001125144789401449
2024-02-27,2847.52,6550.34,0.02472342189765847,0.043059308497921486
2024-02-28,2883.86,6421.0,0.012761131952182352,-0.019745860451405615
2024-02-29,2962.57,6586.48,0.027295938648559292,0.025771800150110408
2024-03-01,2927.7,7070.75,-0.011771093149449241,0.07352502876562579
2024-03-04,2878.45,6833.04,-0.016822898504670756,-0.033620012835045135
2024-03-05,2871.23,6612.52,-0.002508012908988195,-0.032272681083551455
2024-03-06,2890.26,6692.81,0.006626534355406488,0.012142694488660592
2024-03-07,2895.06,7117.28,0.001662099801627923,0.06342193902499256
2024-03-08,2839.16,7393.36,-0.01930763000844264,0.038790380293156915
2024-03-11,2811.92,7728.5,-0.009595821954901464,0.04532971797484551
2024-03-12,2877.05,8380.13,0.023162567918236707,0.08431556766248784
2024-03-13,2871.34,8060.98,-0.0019861713986445598,-0.03808466377766519
2024-03-14,2883.5,8064.86,0.0042351131770070735,0.00048193470922051006
2024-03-15,2823.36,8206.53,-0.020854192624735975,0.01756618648977299
2024-03-18,2792.95,8569.73,-0.010772135632802904,0.04425719894889345
2024-03-19,2826.14,8532.75,0.011881963156077901,-0.004315908249038088
2024-03-20,2828.21,8473.47,0.0007339723436337686,-0.006946577519041662
2024-03-21,2813.53,9325.19,-0.005188719620494463,0.1005153031121045
2024-03-22,2782.77,9313.41,-0.010934362574975745,-0.0012633157118960765
2024-03-25,2816.71,9242.79,0.012197658845961825,-0.007582452258925193
2024-03-26,2796.31,8823.52,-0.007242513454380328,-0.045361705198138556
2024-03-27,2837.15,9081.21,0.014604423993010504,0.029204848868053926
2024-03-28,2854.0,8657.66,0.005939203366724349,-0.046639621973170925
2024-03-29,2872.11,8764.36,0.006342994064145646,0.01232350630513477
2024-04-01,2861.32,8363.79,-0.003756765310740622,-0.04570362155359873
2024-04-02,2860.23,8130.15,-0.00038019129911962246,-0.027935303906518154
2024-04-03,2863.83,8156.71,0.001260417306739947,0.003267228302908858
2024-04-04,2853.07,8387.97,-0.003757899165733114,0.028352367554655897
2024-04-05,2851.67,8538.32,-0.0004926066739035786,0.017923759078302987
2024-04-08,2866.84,8842.84,0.005320827981255055,0.03566589578416583
2024-04-09,2834.53,8714.48,-0.011268716348681658,-0.014515898356029098
2024-04-10,2866.74,8799.54,0.01136393409166116,0.009760541012159164
2024-04-11,2906.33,9063.67,0.013809663033855207,0.030016490606325184
2024-04-12,2891.7,9316.14,-0.005036160928443782,0.02785538599773975
2024-04-15,2883.63,9606.22,-0.002789828853483282,0.03113642374065614
2024-04-16,2948.64,10033.01,0.022545173157772845,0.04442948929633305
2024-04-17,3030.54,9627.68,0.027774011009575033,-0.04040023330215408
2024-04-18,3011.5,9529.66,-0.006280498084708687,-0.010181212007014948
2024-04-19,2997.94,9638.15,-0.004503486497194732,0.01138435010790019
2024-04-22,2985.6,9981.01,-0.004117302514562365,0.03557344681148502
2024-04-23,3021.78,10166.12,0.012117125818913482,0.018546632076471704
2024-04-24,2985.98,10314.03,-0.011846559451115077,0.014549431765752317
2024-04-25,3011.03,10471.72,0.008391480187907429,0.01528899029494274
2024-04-26,3013.02,10962.77,0.0006600851017075555,0.04689214406113603
2024-04-29,2994.1,10815.08,-0.0062805693683785505,-0.013471430653235134
2024-04-30,3018.96,11042.83,0.008304670333934871,0.021058684995427082
2024-05-01,3050.76,10988.98,0.010531170303619752,-0.004876336003746597
2024-05-02,3003.54,10491.81,-0.015476472922810324,-0.045243030114906185
2024-05-03,2988.85,10754.29,-0.004892072581089851,0.025017815624209506
2024-05-06,3018.16,10158.99,0.009807170197894219,-0.0553549909818332
2024-05-07,3038.4,10161.4,0.006706749262012333,0.0002369307743996076
2024-05-08,3001.32,10855.47,-0.012205270444929731,0.0683048299554551
2024-05-09,3011.72,11171.26,0.0034674946362642646,0.029090856629828486
2024-05-10,3105.42,11088.43,0.031110305231250704,-0.007414713358090819
2024-05-13,3091.57,11620.75,-0.004461482319488139,0.04800710495492081
2024-05-14,3043.98,11595.04,-0.015392051696163632,-0.002212761301078928
2024-05-15,3046.58,11976.02,0.0008545810411692974,0.032857090975808634
2024-05-16,3062.32,11648.08,0.005164690713734915,-0.027382692330923802
2024-05-17,3098.96,12028.36,0.011966955916958509,0.03264710537303694
2024-05-20,3060.81,11714.3,-0.012312049154549183,-0.0261102976921608
2024-05-21,3042.41,11257.01,-0.0060096899616936435,-0.0390365307837526
2024-05-22,3082.2,11197.44,0.013076001633420545,-0.005291586979839701
2024-05-23,3072.84,10812.96,-0.0030339622061974986,-0.03433659494370814
2024-05-24,3059.22,11330.72,-0.004434466272704049,0.047883316331555244
2024-05-27,3087.61,10775.16,0.009279459084436677,-0.049031161772914965
2024-05-28,3051.86,10964.12,-0.011576487431429125,0.01753659626731034
2024-05-29,3034.54,10751.68,-0.005677465229758444,-0.019376357754487386
2024-05-30,3004.11,10252.8,-0.010025905839821403,-0.046400418527337464
2024-05-31,3008.45,10137.83,0.0014434724743912439,-0.01121307073798243
2024-06-03,3050.52,10172.88,0.013984534443196311,0.00345688431367592
2024-06-04,3016.1,10371.73,-0.011282053656312411,0.019547954299624762
2024-06-05,3065.73,10189.05,0.01645376779341629,-0.017613828187489612
2024-06-06,3004.01,9964.89,-0.020130910852538823,-0.02199991459629597
2024-06-07,2956.25,10453.24,-0.0158989177618762,0.04900725200539878
2024-06-10,2907.91,10288.94,-0.01635293472705103,-0.015718009492810377
2024-06-11,2960.2,10655.3,0.017982259805414604,0.035606973276924955
2024-06-12,2942.84,10367.85,-0.005863936087333818,-0.026976703193173766
2024-06-13,2937.32,10287.17,-0.0018779588308016344,-0.007781671816893718
2024-06-14,2990.94,10308.45,0.018256782646524906,0.0020683783383386185
2024-06-17,2943.39,10591.98,-0.015899637996904126,0.027504315684270204
2024-06-18,2980.88,10568.38,0.012738394706169656,-0.002227950989528025
2024-06-19,3009.39,10629.44,0.009565500413890954,0.005777507037771454
2024-06-20,2966.72,10556.39,-0.01418157996940322,-0.006872285744921994
2024-06-21,2926.86,10295.17,-0.013436135477545234,-0.024744807831899793
2024-06-24,2894.76,10375.72,-0.010966772975496754,0.00782376094379729
2024-06-25,2902.1,9943.78,0.0025378044105727835,-0.04162969217666027
2024-06-26,2870.94,9912.98,-0.010738260268576005,-0.003097253472726151
2024-06-27,2887.8,9964.27,0.005872415087596926,0.005173260929393774
2024-06-28,2812.19,10300.85,-0.026181534280444663,0.03377863669827043
2024-07-01,2872.85,10921.21,0.021567740272037866,0.0602247151781046
2024-07-02,2892.46,11196.11,0.006829247399011458,0.025171526554030318
2024-07-03,2870.63,11244.14,-0.007550308065975739,0.004289577320540881
2024-07-04,2832.54,11245.24,-0.013267548615607177,9.782163226446875e-05
2024-07-05,2784.79,11403.08,-0.016856315030320642,0.014036254837994443
2024-07-08,2773.78,11682.62,-0.00395467164957034,0.024514567631327498
2024-07-09,2780.69,11525.54,0.002490885113363103,-0.013446013236266622
2024-07-10,2809.66,11132.8,0.010419911684609288,-0.03407515868747393
2024-07-11,2801.58,10933.73,-0.002878228782045977,-0.017882035125324054
2024-07-12,2827.43,10950.16,0.009227669053412478,0.0015032223421557538
2024-07-15,2837.44,11160.59,0.00354022495422724,0.01921669739432551
2024-07-16,2758.41,10721.2,-0.02785338572538549,-0.03936977404442355
2024-07-17,2763.07,11091.47,0.001691159523805576,0.03453658291593415
2024-07-18,2782.89,11604.28,0.007171053138425059,0.04623436186174337
2024-07-19,2776.32,11641.7,-0.00235948646412834,0.0032245129410734003
2024-07-22,2760.5,11460.92,-0.005697587995248213,-0.01552881088588123
2024-07-23,2733.82,11226.59,-0.009665242221422078,-0.02044556266508406
2024-07-24,2728.39,10987.38,-0.001985618658696515,-0.021307574210489906
2024-07-25,2730.08,10342.86,0.0006188987620138588,-0.05866015925791174
2024-07-26,2744.92,10430.46,0.0054352055986556435,0.008469864214686856
2024-07-29,2760.44,10300.42,0.0056547454206687595,-0.012467760808303049
2024-07-30,2744.43,10618.99,-0.00579863649928334,0.03092779796060469
2024-07-31,2740.17,11312.8,-0.0015540447442658205,0.0653369679500043
2024-08-01,2694.76,11163.91,-0.016573412276972108,-0.013161456955329017
2024-08-02,2659.11,10832.62,-0.013228482882755821,-0.029674965550063388
2024-08-05,2634.7,10635.19,-0.009179899374563889,-0.018224968612238053
2024-08-06,2660.24,10280.38,0.00969410533065377,-0.03336164758686722
2024-08-07,2680.51,9829.85,0.007620140899912047,-0.04382484194280099
2024-08-08,2668.27,10246.86,-0.004566308061285894,0.04242277798217783
2024-08-09,2683.86,10366.97,0.005844513469960016,0.011722027762590976
2024-08-12,2704.96,10599.04,0.007861271137475196,0.022384899435575367
2024-08-13,2726.16,11123.82,0.007836067719629736,0.0495128559255068
2024-08-14,2693.01,11059.01,-0.012161452349041455,-0.0058263820543338705
2024-08-15,2714.41,11369.87,0.0079472264855805,0.028108880528566933
2024-08-16,2733.4,11893.28,0.006996694927883862,0.04603466418197763
2024-08-19,2717.79,11352.11,-0.00571194294551788,-0.04550202982738232
2024-08-20,2760.1,11422.18,0.015568643019031549,0.006172096106057473
2024-08-21,2742.75,11419.0,-0.0062842368048639866,-0.00027766035167810644
2024-08-22,2729.35,11784.74,-0.004887314507480858,0.032028615354669374
2024-08-23,2759.32,11959.31,0.010981998703766186,0.014813647079410968
2024-08-26,2778.06,12009.48,0.006790435061606692,0.004195133441751763
2024-08-27,2813.11,11140.98,0.01261810746294131,-0.07231862467818408
2024-08-28,2774.52,11081.25,-0.013718341454734564,-0.005361191710493284
2024-08-29,2761.59,10726.14,-0.004661728661151187,-0.03204603570744561
2024-08-30,2782.96,10419.16,0.007739622709471175,-0.028619254024586163
2024-09-02,2791.05,10480.03,0.002908335237516332,0.005842309287943314
2024-09-03,2793.82,10206.62,0.0009923635921748799,-0.0260891243408379
2024-09-04,2788.19,10617.64,-0.0020179869977788247,0.04026975269747872
2024-09-05,2807.21,10986.12,0.006822280136854085,0.034705058476009194
2024-09-06,2805.35,10378.66,-0.0006609837822453546,-0.05529340600602658
2024-09-09,2790.49,10315.92,-0.005297618104586018,-0.006044929611166074
2024-09-10,2834.91,10765.33,0.015918097945574448,0.04356438977866023
2024-09-11,2850.21,10491.42,0.005398141853281607,-0.025443571291691384
2024-09-12,2855.46,10416.02,0.0018413665780722087,-0.0071873133453109785
2024-09-13,2847.97,9993.01,-0.0026220990849052765,-0.04061088592928891
2024-09-16,2864.68,10011.25,0.005866855833519736,0.0018243673866094284
2024-09-17,2893.19,9573.87,0.009952581829336182,-0.04368842874488639
2024-09-18,2854.94,10681.27,-0.013223780912515913,0.1156686352577976
2024-09-19,2825.64,10751.62,-0.01026060154567994,0.006586947155693908
2024-09-20,2841.33,10434.35,0.005553061387689008,-0.029509199029269927
2024-09-23,2901.09,10496.53,0.02103128528195452,0.005958912802562671
2024-09-24,2907.16,11137.87,0.002093760488052315,0.061100265797518614
2024-09-25,2880.44,10932.31,-0.009192251079393076,-0.018455802001836753
2024-09-26,2869.36,10433.79,-0.0038461535823760776,-0.04560066821335082
2024-09-27,2879.72,10616.62,0.0036100736218080804,0.017522584562491037
2024-09-30,2886.92,10862.14,0.002499839509122101,0.023126554568044456
2024-10-01,2917.77,11031.54,0.010687848928487363,0.015594938248301651
2024-10-02,2910.2,11471.18,-0.0025972930411237824,0.039853219592122666
2024-10-03,2886.74,11972.58,-0.00805996645386268,0.043709724323350824
2024-10-04,2880.92,12273.32,-0.0020154764692512104,0.025118989678750127
2024-10-07,2944.93,11466.62,0.022218623724280646,-0.06572827942545391
2024-10-08,2939.02,11315.29,-0.0020071245467238393,-0.013197041554524051
2024-10-09,3000.12,11255.18,0.020788638290469987,-0.00531275359059501
2024-10-10,3099.27,10829.98,0.0330482340222837,-0.037777908849925254
2024-10-11,3113.2,10717.96,0.004494066575391906,-0.01034306255122215
2024-10-14,3133.0,10551.27,0.006361084000876545,-0.015553157399823445
2024-10-15,3116.98,9909.71,-0.005112382717184936,-0.06080361077792473
2024-10-16,3121.96,9436.0,0.0015980840569615074,-0.04780250081869122
2024-10-17,3073.84,9419.03,-0.015416027411484191,-0.0017980666752890504
2024-10-18,3070.28,9739.46,-0.0011561899155960787,0.03401914981951177
2024-10-21,3021.35,9826.87,-0.01593755520962415,0.008974656634400698
2024-10-22,3033.95,9751.16,0.004170001723670508,-0.0077047136204826
2024-10-23,3005.6,9701.29,-0.009343625445727996,-0.005114011857603051
2024-10-24,3038.38,9626.72,0.010907830869990922,-0.007686904729761545
2024-10-25,3070.19,9582.78,0.010467540191151087,-0.004564101355413807
2024-10-28,3134.66,9668.81,0.02099754681386183,0.008977327140244021
2024-10-29,3128.99,9159.3,-0.0018065085472062023,-0.05269586928679425
2024-10-30,3076.34,9226.73,-0.016825821484704743,0.007361436127676593
2024-10-31,3068.87,9310.89,-0.002429398028116616,0.009121112692279608
2024-11-01,3044.58,9246.14,-0.007915702776304344,-0.006953398499218094
2024-11-04,3022.71,9319.31,-0.007184337606205467,0.007913334001721417
2024-11-05,3015.7,9888.47,-0.0023179689982855893,0.06107302445956937
2024-11-06,2991.7,10231.07,-0.007956925884979853,0.0346460404415798
2024-11-07,2954.74,10038.4,-0.01235391550813737,-0.018830962878450208
2024-11-08,2925.79,10426.07,-0.009798526443708004,0.0386186834608908
2024-11-11,2942.01,10501.01,0.005543873116645155,0.007187147658962164
2024-11-12,2951.17,10146.99,0.003113459543379546,-0.033713249874793766
2024-11-13,3001.74,10677.71,0.01713495603795321,0.052304061091656785
2024-11-14,3001.41,10689.94,-0.00011159730310345283,0.001145108406381792
2024-11-15,3025.69,10666.8,0.008089626610507435,-0.0021651602661141517
2024-11-18,3019.33,10494.6,-0.002102118073058492,-0.01614354693982563
2024-11-19,3007.7,10324.51,-0.0038506887484239345,-0.016206562701765036
2024-11-20,3034.94,10253.85,0.009058235617418751,-0.006843834715973941
2024-11-21,3020.25,10033.44,-0.004840374240331179,-0.02149588074209707
2024-11-22,2966.81,10492.06,-0.0176939605026715,0.04570900566660072
2024-11-25,2985.81,10821.51,0.00640315248053734,0.03139980455207743
2024-11-26,2967.72,11323.68,-0.006058770007598117,0.046404957352150056
2024-11-27,2973.78,11879.57,0.002042433665258877,0.04909073934456953
2024-11-28,2974.2,11871.65,0.0001395182939026458,-0.0006661574972050932
2024-11-29,2956.24,11885.63,-0.006035454293982012,0.0011774955405028562
2024-12-02,2965.11,12488.7,0.002999809165926618,0.05073923698497952
2024-12-03,3020.79,12616.96,0.01877655499977965,0.01027021271457192
2024-12-04,3065.88,11568.15,0.0149284611482648,-0.08312720712229402
2024-12-05,3049.5,11649.89,-0.005343509017455577,0.007066269465083673
2024-12-06,3082.88,11864.86,0.010945459664753172,0.018452198581521393
2024-12-09,3081.73,11692.68,-0.00037263802863313986,-0.014511795702705964
2024-12-10,3053.08,12392.52,-0.009297188378335772,0.059853513753460263
2024-12-11,3095.11,12992.88,0.013766709361651959,0.04844484278575415
2024-12-12,3096.43,12776.88,0.00042726988829672,-0.016624295585761905
2024-12-13,3117.97,12807.25,0.006956330158746558,0.002376870593358778
2024-12-16,3114.12,12800.87,-0.0012369315250128842,-0.0004984704317315867
2024-12-17,3091.4,12412.05,-0.0072954152035185765,-0.030374429384513603
2024-12-18,3083.33,11846.23,-0.002608854726196266,-0.045586466474567766
2024-12-19,3106.39,12211.8,0.007478997199231141,0.030859974652529022
2024-12-20,3078.64,11451.1,-0.008934467814910871,-0.06229221952725668
2024-12-23,3094.1,11569.33,0.005022954327661767,0.010324737474148386
2024-12-24,3095.79,11074.04,0.000546084447158312,-0.04281034965015182
2024-12-25,3025.48,11615.73,-0.022712885537332958,0.04891548503342834
2024-12-26,3018.53,11807.19,-0.0022968955263216106,0.016482837683058794
2024-12-27,3016.87,11973.86,-0.0005489973924760097,0.014115675601832823
